Workbook

Sheet PORTADA
A2: IMPULSA 2026: CASE STUDY SLOTTING
A4: CD Aldeas - Villa El Salvador | Inchcape Perú

Sheet RESUMEN
A1: 📊 KPIs: ACTUAL vs META
A3: MÉTRICA | B3: ACTUAL | C3: META | D3: MEJORA REQUERIDA
A4: Tiempo promedio | B4: 12.64 min/pedido | C4: 9.48 min/pedido | D4: -25%
A5: Productividad | B5: 11.64 SKU/HH | C5: 13.39 SKU/HH | D5: +15%

Sheet GLOSARIO_GUÍA
A1: TÉRMINO | B1: DEFINICIÓN
A2: SKU | B2: Stock Keeping Unit - Código único del producto
A3: ROTACIÓN | B3: Cantidad de veces que se despacha en 6 meses
A4: ABC | B4: A=Alta rotación, B=Media, C=Baja
A5: VOL_M3 | B5: Volumen en metros cúbicos
A6: ZONA | B6: Área física del almacén
A7: TIEMPO | B7: Minutos que demora buscar y recoger
A8: CAPACIDAD | B8: Volumen máximo que cabe en la zona
A11: PASOS PARA RESOLVER
A12: 1. VER | B12: Abre STOCK_ACTUAL, LAYOUT_CD y EXTRACTO_PEDIDOS
A13: 2. ENTENDER | B13: Entiende por qué toma 12.64 min/pedido HOY
A14: 3. PROPONER | B14: Reasigna SKUs a zonas en CONSTRUYE_TU_SLOTTING
A15: 4. VALIDAR | B15: Verifica que caben en capacidades (OCUPACIÓN)
A16: 5. CALCULAR | B16: Calcula el nuevo tiempo (suma tiempos de zonas)
A17: 6. COMPARAR | B17: ¿Logras bajar a 9.48 min (-25%)?

Sheet HALLAZGOS_PRELIMINARES
B2: HALLAZGOS PRELIMINARES DEL DATASET
B3: Inchcape Perú · CD Aldeas · MVP Sistema Inteligente de Reslotting · Base: 100 SKU (muestra académica de un universo de +55,000)
B5: TESIS CENTRAL DEL DIAGNÓSTICO
B6: La ubicación actual de los SKU en el CD Aldeas no guarda relación estadística con su rotación (correlación = -0.068). El slotting vigente es, a efectos prácticos, aleatorio respecto a la demanda. Esto convierte al reslotting en una oportunidad de eficiencia de primer orden y no en un ajuste marginal: 18 SKU clase A mal ubicados concentran un ahorro potencial de 33,015 minutos de picking en 6 meses, equivalente al 25.8% del esfuerzo total de picking de la muestra.
B9: 1. CINCO INSIGHTS CLAVE
B10: INSIGHT | C10: EVIDENCIA EN EL DATASET | D10: MÉTRICA
B11: I1. El slotting actual es aleatorio respecto a la rotación | C11: La correlación entre rotación (unid. despachadas 6M) y tiempo de acceso a la zona asignada es prácticamente nula. No existe evidencia de que la asignación de ubicaciones haya respondido a criterios de demanda: el tiempo promedio ponderado por rotación (4.30 min) es casi idéntico al promedio simple (4.36 min), cuando un slotting optimizado debería mostrar el ponderado muy por debajo del simple. | D11: ="Correl. = "&TEXT(ANALYTICS_BASE!$Q$111,"0.000")&CHAR(10)&"Ponderado "&TEXT(ANALYTICS_BASE!$Q$101,"0.00")&" min vs simple "&TEXT(ANALYTICS_BASE!$Q$102,"0.00")&" min" -> Correl. = -0.068 Ponderado 4.30 min vs simple 4.36 min
B12: I2. La mitad de los SKU de clase A está en zonas lejanas | C12: De los 39 SKU clase A, 20 están ubicados en zonas con tiempo de acceso superior a 4 minutos (CLUSTER, RACK BALDA, RACK SIMPLE, MEZANNINE, LLANTAS). En paralelo, 10 SKU clase C ocupan las zonas premium PISO y UBICACIÓN RECIBO (≤2.01 min). Es un doble desperdicio simétrico: lo que rota lejos y lo que no rota cerca. | D12: =TEXT(ANALYTICS_BASE!$Q$104,"0")&" de 39 SKU A mal ubicados ("&TEXT(ANALYTICS_BASE!$Q$105,"0.0%")&")"&CHAR(10)&TEXT(ANALYTICS_BASE!$Q$106,"0")&" SKU C en zona premium" -> 20 de 39 SKU A mal ubicados (51.3%) 10 SKU C en zona premium
B13: I3. El ABC del dataset es anormalmente plano | C13: Los 39 SKU clase A explican solo el 55.0% de la rotación total, y la clase C todavía representa el 12.3%. Un ABC típico de repuestos concentra ~80% de la demanda en ~20% de los SKU. La estructura 39/35/26 sugiere un corte por terciles y no por umbral de concentración económica. | D13: ="A: "&TEXT(ANALYTICS_BASE!$R$5,"0%")&" SKU = "&TEXT(ANALYTICS_BASE!$T$5,"0.0%")&" rotación"&CHAR(10)&"C: "&TEXT(ANALYTICS_BASE!$R$7,"0%")&" SKU = "&TEXT(ANALYTICS_BASE!$T$7,"0.0%")&" rotación" -> A: 39% SKU = 55.0% rotación C: 26% SKU = 12.3% rotación
B14: I4. El costo operativo se concentra en LLANTAS y RACK SIMPLE | C14: LLANTAS es la zona más costosa del CD (8.04 min, 100 m de distancia) y a la vez la que más esfuerzo de picking absorbe: 32,924 min-pick en 6 meses con solo 15 SKU. Sumada a RACK SIMPLE (26,895) y MEZANNINE (20,249), estas tres zonas explican 80,067 min-pick, el 62.5% del esfuerzo total, con apenas 40 SKU. | D14: ="LLANTAS: "&TEXT(ANALYTICS_BASE!$AA$26,"#,##0")&" min-pick"&CHAR(10)&"3 zonas = "&TEXT((ANALYTICS_BASE!$AA$26+ANALYTICS_BASE!$AA$24+ANALYTICS_BASE!$AA$27)/ANALYTICS_BASE!$Q$103,"0.0%")&" del esfuerzo" -> LLANTAS: 32,924 min-pick 3 zonas = 62.5% del esfuerzo
B15: I5. La capacidad física NO es la restricción en esta muestra | C15: Los 100 SKU ocupan 26.16 m³ sobre una capacidad instalada de 2,680 m³: 0.98% de utilización volumétrica. Ninguna zona supera el 1.9% de uso. Además, la zona LATERALES (220 m³) no tiene ningún SKU asignado. El cuello de botella del reslotting no será el espacio, sino las reglas de negocio y las restricciones de manipulación. | D15: ="Ocupación global: "&TEXT(ANALYTICS_BASE!$Q$110,"0.00%")&CHAR(10)&TEXT(ANALYTICS_BASE!$Q$112,"0")&" zona sin SKU asignado" -> Ocupación global: 0.98% 1 zona sin SKU asignado
B18: 2. CINCO OPORTUNIDADES POTENCIALES
B19: OPORTUNIDAD | C19: DESCRIPCIÓN Y BASE DE CÁLCULO | D19: IMPACTO CUANTIFICADO
B20: O1. Reslotting quirúrgico de 18 SKU clase A | C20: Reubicar los 18 SKU clase A que hoy están en LLANTAS, MEZANNINE, RACK SIMPLE y RACK BALDA hacia PISO (1.6 min) libera el mayor ahorro por unidad de esfuerzo del proyecto. Es una intervención de 18 movimientos — no un reacomodo masivo — sobre un portafolio de 100 SKU. | D20: =TEXT(ANALYTICS_BASE!$W$76,"#,##0")&" min-pick ahorrados (6M)"&CHAR(10)&TEXT(ANALYTICS_BASE!$Q$108,"0.0%")&" sobre esos SKU"&CHAR(10)&TEXT(ANALYTICS_BASE!$Q$109,"0.0%")&" del CD total" -> 33,015 min-pick ahorrados (6M) 73.3% sobre esos SKU 25.8% del CD total
B21: O2. Intercambio simétrico A-lejano por C-cercano | C21: Existen 10 SKU clase C en zonas premium y 20 SKU clase A en zonas lejanas. Un intercambio directo evita la necesidad de crear espacio nuevo: cada SKU A que sube a PISO desplaza a un SKU C hacia la zona liberada. Operativamente es un swap, con costo de mano de obra acotado y sin inversión en infraestructura. | D21: ="10 swaps directos disponibles"&CHAR(10)&"Sin inversión en capacidad"&CHAR(10)&"(ocupación actual: "&TEXT(ANALYTICS_BASE!$Q$110,"0.0%")&")" -> 10 swaps directos disponibles Sin inversión en capacidad (ocupación actual: 1.0%)
B22: O3. Activar la zona LATERALES, hoy ociosa | C22: LATERALES figura en el layout con 220 m³ de capacidad y 5.63 min de acceso, pero no tiene ningún SKU asignado en la muestra. Puede absorber SKU de clase C de baja rotación desplazados desde zonas premium, o servir como buffer de reserva durante la ejecución del reslotting. | D22: =TEXT(_xlfn.XLOOKUP("14. LATERALES",LAYOUT_CD!$A$2:$A$10,LAYOUT_CD!$D$2:$D$10),"#,##0")&" m³ disponibles"&CHAR(10)&"0 SKU asignados hoy" -> 220 m³ disponibles 0 SKU asignados hoy
B23: O4. Rediseñar el criterio de clasificación: de ABC a min-pick | C23: El indicador rotación × tiempo de acceso (min-pick) ya calculado por SKU en ANALYTICS_BASE ordena el portafolio por costo operativo real y no por volumen de salida. Sustituir el ABC por esta métrica como criterio de priorización permite dirigir el esfuerzo a los SKU que efectivamente consumen horas-hombre. | D23: ="Base actual: "&TEXT(ANALYTICS_BASE!$Q$103,"#,##0")&" min-pick/6M"&CHAR(10)&"≈ "&TEXT(ANALYTICS_BASE!$Q$103/60,"#,##0")&" horas-hombre de picking" -> Base actual: 128,067 min-pick/6M ≈ 2,134 horas-hombre de picking
B24: O5. Escalar el MVP al universo de +55,000 SKU | C24: La lógica construida es paramétrica: se alimenta de rotación, zona, tiempo de acceso, peso y volumen. Aplicada al universo real, el mismo motor puede rankear candidatos de reslotting de forma continua. El dataset actual representa el 0.18% del universo, por lo que el modelo debe validarse antes de extrapolar el ahorro. | D24: ="Muestra = "&TEXT(100/55000,"0.00%")&" del universo"&CHAR(10)&"Motor paramétrico reutilizable" -> Muestra = 0.18% del universo Motor paramétrico reutilizable
B27: 3. CINCO RIESGOS DE DECIDIR SOLO CON ABC
B28: RIESGO | C28: POR QUÉ IMPORTA — EVIDENCIA EN EL DATASET | D28: SEÑAL DE ALERTA
B29: R1. El ABC ignora el costo de acceso | C29: Dos SKU con idéntica rotación generan un costo de picking radicalmente distinto según su zona: 1.6 min en PISO frente a 8.04 min en LLANTAS, una diferencia de 5x. El ABC los trata igual. Priorizar por clase A sin ponderar el tiempo movería SKU que ya están bien ubicados y dejaría intactos SKU B costosos. | D29: Diferencial de 5.0x en tiempo de acceso entre zona más rápida y más lenta
B30: R2. El ABC ignora restricciones físicas de peso | C30: El dataset contiene 24 SKU que superan los 40 kg, repartidos de forma casi uniforme entre las cinco familias (4 a 5 cada una). Un SKU clase A de 49 kg no puede ubicarse en MEZANNINE ni en un nivel alto de rack por ergonomía y seguridad, por más que su rotación lo justifique. El ABC no captura esta restricción. | D30: =TEXT(SUM(ANALYTICS_BASE!$X$85:$X$89),"0")&" SKU superan 40 kg"&CHAR(10)&"Máx. "&TEXT(MAX(ANALYTICS_BASE!$U$85:$U$89),"0.0")&" kg" -> 24 SKU superan 40 kg Máx. 49.3 kg
B31: R3. La muestra es estadísticamente insuficiente | C31: 100 SKU representan el 0.18% de un universo de +55,000. El dataset está perfectamente balanceado (20 SKU por familia, 5 familias), lo que indica diseño académico y no una extracción aleatoria del maestro real. Extrapolar el ahorro de 33,015 min-pick al universo completo carecería de base estadística. | D31: 20 SKU por familia exactos: muestra diseñada, no aleatoria
B32: R4. El ABC estático ignora estacionalidad y ciclo de vida | C32: La rotación disponible es un agregado de 6 meses, sin desglose temporal. Un SKU puede ser clase A por un pico estacional puntual y clase C el resto del año. Reubicar a zona premium con base en un agregado semestral corre el riesgo de congelar una ubicación óptima para un patrón de demanda ya extinguido. | D32: Rotación agregada 6M sin serie mensual: estacionalidad no observable
B33: R5. El ABC por unidades ignora la estructura del pedido | C33: El costo real de picking depende de la frecuencia de visita a la ubicación (número de líneas de pedido), no del total de unidades despachadas. Un SKU con 500 unidades en 5 pedidos exige 5 viajes; otro con 300 unidades en 100 pedidos exige 100. El segundo es mucho más crítico para el slotting, y el ABC por unidades lo clasificaría por debajo. | D33: Se requiere n° de líneas por SKU, no solo unidades despachadas
B36: 4. VARIABLES ADICIONALES QUE DEBERÍAN SOLICITARSE A INCHCAPE
B37: VARIABLE SOLICITADA | C37: POR QUÉ ES NECESARIA — QUÉ LIMITACIÓN ACTUAL RESUELVE | D37: PRIORIDAD
B38: Líneas de pedido por SKU (frecuencia de visita) | C38: Es la variable más crítica que falta. El slotting se optimiza por número de visitas a la ubicación, no por unidades despachadas. La hoja PEDIDOS ACTUAL contiene 1,500 registros de pedidos que podrían permitir derivar esta frecuencia si se confirma su estructura y trazabilidad al SKU. | D38: CRÍTICA
B39: Serie mensual de rotación (24 meses) | C39: Permite separar demanda estructural de picos estacionales y detectar SKU en fase de declive o lanzamiento. Sin esta serie, cualquier reslotting se ancla a una foto semestral y no a una tendencia. Habilita además un ABC dinámico con revisión trimestral. | D39: CRÍTICA
B40: Afinidad entre SKU (co-ocurrencia en pedidos) | C40: Los SKU que se piden juntos deben almacenarse juntos para reducir el recorrido total de la ruta de picking, no solo el tiempo de acceso individual. Sin análisis de canasta, el reslotting optimiza SKU aislados e ignora la ruta completa, que es donde reside el mayor ahorro en CD de repuestos. | D40: ALTA
B41: Costo de mano de obra por minuto de picking | C41: Convierte los 33,015 min-pick de ahorro identificado en un beneficio económico expresado en soles, condición indispensable para construir el caso de negocio y comparar el ahorro contra el costo de ejecutar los movimientos. | D41: ALTA
B42: Capacidad por ubicación individual y reglas de almacenaje | C42: El layout entrega capacidad agregada por zona (m³), pero el reslotting se ejecuta a nivel de ubicación específica. Se requiere el detalle de posiciones, límites de peso por nivel de rack, restricciones de altura y compatibilidad de producto (p. ej. lubricantes y su tratamiento como material inflamable). | D42: ALTA
B43: Costo de ejecución del movimiento por SKU | C43: Mover un SKU tiene un costo puntual (mano de obra, equipo, riesgo de error de inventario). Sin este dato no puede calcularse el periodo de recuperación de cada reubicación ni definirse un umbral mínimo de ahorro que justifique el movimiento. | D43: MEDIA
B44: Cobertura de stock y política de reposición | C44: Determina cuánto espacio necesita reservarse por SKU de forma sostenida. La ocupación del 0.98% observada refleja una foto puntual de inventario; sin conocer los niveles máximos de reposición, el dimensionamiento de las ubicaciones premium sería incorrecto. | D44: MEDIA
B45: Ubicación física exacta y coordenadas de recorrido | C45: El tiempo de acceso disponible es un promedio por zona. Para un motor de reslotting real se necesita la distancia y el tiempo por posición individual, junto con el trazado de pasillos, a fin de calcular rutas y no solo accesos punto a punto. | D45: MEDIA
B48: 5. PREGUNTAS PARA LA REUNIÓN CON EL EXPERTO LOGÍSTICO
B49: ÁMBITO | C49: PREGUNTA — DERIVADA DE UN HALLAZGO CONCRETO DEL DATASET | D49: HIPÓTESIS A VALIDAR
B50: Criterio de slotting vigente | C50: La correlación entre rotación y tiempo de acceso es -0.068, es decir, nula. ¿Existe hoy una política formal de asignación de ubicaciones, o el slotting se ha construido históricamente por disponibilidad de espacio al momento de la recepción? | D50: El slotting responde a disponibilidad, no a diseño
B51: Zona LLANTAS | C51: LLANTAS concentra 32,924 min-pick (la cifra más alta del CD) con solo 15 SKU y 8.04 min de acceso. ¿Es una zona físicamente dedicada por dimensión del producto, o podrían reubicarse esos SKU de clase A a zonas más cercanas? | D51: La restricción es dimensional y no reubicable
B52: Zona LATERALES | C52: LATERALES aparece en el layout con 220 m³ y 5.63 min de acceso, pero sin ningún SKU asignado en la muestra. ¿Está realmente vacía, se usa para otra categoría fuera del alcance del dataset, o está inhabilitada? | D52: Existe capacidad disponible no considerada
B53: Definición del ABC | C53: La clase A agrupa 39 SKU pero explica solo el 55.0% de la rotación. ¿Cómo se definió el corte ABC actual: por unidades, por facturación, por margen, o por criterio comercial? ¿Con qué frecuencia se recalcula? | D53: El ABC no está optimizado para decisiones de slotting
B54: Ocupación volumétrica | C54: La muestra ocupa 0.98% de la capacidad instalada. ¿Es esta cifra representativa de la ocupación real del CD, o el dataset refleja un nivel de stock atípicamente bajo? ¿Cuál es la ocupación habitual por zona? | D54: El espacio no es la restricción del reslotting
B55: Restricciones de manipulación | C55: 24 SKU superan los 40 kg, con un máximo de 49.3 kg. ¿Qué límites de peso rigen por nivel de rack y por MEZANNINE? ¿Hay SKU que no puedan ubicarse a nivel de piso por normativa o por requerimiento de equipo de manejo? | D55: Las restricciones físicas limitan el universo reubicable
B56: Estructura de pedidos | C56: La hoja PEDIDOS ACTUAL contiene 1,500 registros. ¿Es posible trazar cada línea a un SKU del maestro para derivar frecuencia de visita y afinidad entre productos? Esa es la variable de mayor impacto que falta hoy. | D56: La frecuencia de picking difiere del volumen despachado
B57: Ventana de ejecución | C57: El reslotting propuesto implica 18 movimientos prioritarios. ¿Existe una ventana operativa (fin de semana, inventario cíclico) para ejecutarlos sin interrumpir el despacho? ¿Qué volumen de movimientos es absorbible por periodo? | D57: La capacidad de ejecución condiciona el plan de despliegue

Sheet MAESTRO_SKUs
A1: SKU | B1: MARCA | C1: FAMILIA | D1: VOLUMEN_M3 | E1: PESO_KG
A2: SKU00001 | B2: Marca A | C2: Filtros | D2: 0.21854305 | E2: 2.0557447
A3: SKU00002 | B3: Marca B | C3: Lubricantes | D3: 0.47782144 | E3: 32.002315
A4: SKU00003 | B4: Marca C | C4: Pastillas | D4: 0.37939727 | E4: 16.060621 | G4: FAMILIA | H4: CANT | J4: MARCAS | K4: CANT
A5: SKU00004 | B5: Marca D | C5: Correas | D5: 0.31939632 | E5: 25.674249 | G5: FILTROS | H5: =COUNTIF(C2:C101,"*Filtros*") -> 20 | J5: MARCA A | K5: =COUNTIF(B2:B101,"*Marca A*") -> 20
A6: SKU00005 | B6: Marca E | C6: Soportes | D6: 0.12020839 | E6: 45.42454 | G6: LUBRICANTES | H6: =COUNTIF($C$2:$C$101,"*Lubricantes*") -> 20 | J6: MARCA B | K6: =COUNTIF(B2:B101,"*Marca B*") -> 20
A7: SKU00006 | B7: Marca A | C7: Filtros | D7: 0.12019753 | E7: 12.839965 | G7: PASTILLAS | H7: =COUNTIF($C$2:$C$101,"*Pastillas*") -> 20 | J7: MARCA C | K7: =COUNTIF($B$2:$B$103,"*Marca C*") -> 20
A8: SKU00007 | B8: Marca B | C8: Lubricantes | D8: 0.076137625 | E8: 20.813955 | G8: CORREAS | H8: =COUNTIF($C$2:$C$101,"Correas") -> 20 | J8: MARCA D | K8: =COUNTIF($B$2:$B$103,"*Marca D*") -> 20
A9: SKU00008 | B9: Marca C | C9: Pastillas | D9: 0.43977927 | E9: 37.899781 | G9: SOPORTES | H9: =COUNTIF(C3:C102,"*Soportes*") -> 20 | J9: MARCA E | K9: =COUNTIF($B$2:$B$103,"*Marca E*") -> 20
A10: SKU00009 | B10: Marca D | C10: Correas | D10: 0.32050176 | E10: 11.825509
A11: SKU00010 | B11: Marca E | C11: Soportes | D11: 0.36863266 | E11: 4.3105055
A12: SKU00011 | B12: Marca A | C12: Filtros | D12: 0.059263022 | E12: 14.842697 | G12: TOTAL SKU | H12: =COUNTIF(C2:C101,"*") -> 100
A13: SKU00012 | B13: Marca B | C13: Lubricantes | D13: 0.48645943 | E13: 8.4804537
A14: SKU00013 | B14: Marca C | C14: Pastillas | D14: 0.42459919 | E14: 46.520034
A15: SKU00014 | B15: Marca D | C15: Correas | D15: 0.1455526 | E15: 40.501959
A16: SKU00015 | B16: Marca E | C16: Soportes | D16: 0.13182124 | E16: 31.853486
A17: SKU00016 | B17: Marca A | C17: Filtros | D17: 0.13253203 | E17: 43.637299
A18: SKU00017 | B18: Marca B | C18: Lubricantes | D18: 0.18690901 | E18: 40.281768
A19: SKU00018 | B19: Marca C | C19: Pastillas | D19: 0.28614039 | E19: 9.7352179
A20: SKU00019 | B20: Marca D | C20: Correas | D20: 0.24437526 | E20: 44.68167
A21: SKU00020 | B21: Marca E | C21: Soportes | D21: 0.18105311 | E21: 27.197441
A22: SKU00021 | B22: Marca A | C22: Filtros | D22: 0.3253338 | E22: 40.468288
A23: SKU00022 | B23: Marca B | C23: Lubricantes | D23: 0.11277224 | E23: 44.856519
A24: SKU00023 | B24: Marca C | C24: Pastillas | D24: 0.18146509 | E24: 16.241172
... A101: SKU00100 | B101: Marca E | C101: Soportes | D101: 0.098551142 | E101: 39.10384

Sheet ROTACIÓN
A1: SKU | B1: ROTACION_6M | C1: ABC
A2: SKU00085 | B2: 496 | C2: A
A3: SKU00078 | B3: 485 | C3: A
A4: SKU00026 | B4: 484 | C4: A
A5: SKU00069 | B5: 479 | C5: A
A6: SKU00005 | B6: 465 | C6: A
A7: SKU00100 | B7: 460 | C7: A
A8: SKU00062 | B8: 453 | C8: A
A9: SKU00054 | B9: 452 | C9: A
A10: SKU00018 | B10: 451 | C10: A
A11: SKU00030 | B11: 450 | C11: A
A12: SKU00035 | B12: 448 | C12: A
A13: SKU00025 | B13: 439 | C13: A
... A101: SKU00048 | B101: 61 | C101: C

Sheet STOCK_ACTUAL
A1: UBICACIÓN | B1: SKU | C1: MARCA | D1: FAMILIA | E1: ZONA_ACTUAL | F1: VOLUMEN_M3 | G1: PESO_KG
A2: UB00001 | B2: SKU00001 | C2: Marca A | D2: Filtros | E2: 2. PISO | F2: 0.21854305 | G2: 2.0557447
A3: UB00002 | B3: SKU00002 | C3: Marca B | D3: Lubricantes | E3: 1. LLANTAS | F3: 0.47782144 | G3: 32.002315
A4: UB00003 | B4: SKU00003 | C4: Marca C | D4: Pastillas | E4: 1. LLANTAS | F4: 0.37939727 | G4: 16.060621 | I4: =SUMIF(E2:E101,"*2. PISO*",F2:F101) -> 4.2841488
A5: UB00004 | B5: SKU00004 | C5: Marca D | D5: Correas | E5: 7. MEZANNINE | F5: 0.31939632 | G5: 25.674249 | I5: =COUNTIF(E2:E101,"*2. PISO*") -> 27
A6: UB00005 | B6: SKU00005 | C6: Marca E | D6: Soportes | E6: 2. PISO | F6: 0.12020839 | G6: 45.42454
A7: UB00006 | B7: SKU00006 | C7: Marca A | D7: Filtros | E7: 2. PISO | F7: 0.12019753 | G7: 12.839965
A8: UB00007 | B8: SKU00007 | C8: Marca B | D8: Lubricantes | E8: 1. LLANTAS | F8: 0.076137625 | G8: 20.813955
A9: UB00008 | B9: SKU00008 | C9: Marca C | D9: Pastillas | E9: 8. CLUSTER | F9: 0.43977927 | G9: 37.899781
A10: UB00009 | B10: SKU00009 | C10: Marca D | D10: Correas | E10: 4. RACK BALDA | F10: 0.32050176 | G10: 11.825509
A11: UB00010 | B11: SKU00010 | C11: Marca E | D11: Soportes | E11: 5. RACK SIMPLE | F11: 0.36863266 | G11: 4.3105055
A12: UB00011 | B12: SKU00011 | C12: Marca A | D12: Filtros | E12: 7. MEZANNINE | F12: 0.059263022 | G12: 14.842697
A13: UB00012 | B13: SKU00012 | C13: Marca B | D13: Lubricantes | E13: 7. MEZANNINE | F13: 0.48645943 | G13: 8.4804537
A14: UB00013 | B14: SKU00013 | C14: Marca C | D14: Pastillas | E14: 5. RACK SIMPLE | F14: 0.42459919 | G14: 46.520034
A15: UB00014 | B15: SKU00014 | C15: Marca D | D15: Correas | E15: 2. PISO | F15: 0.1455526 | G15: 40.501959
A16: UB00015 | B16: SKU00015 | C16: Marca E | D16: Soportes | E16: 2. PISO | F16: 0.13182124 | G16: 31.853486
A17: UB00016 | B17: SKU00016 | C17: Marca A | D17: Filtros | E17: 2. PISO | F17: 0.13253203 | G17: 43.637299
... A101: UB00100 | B101: SKU00100 | C101: Marca E | D101: Soportes | E101: 2. PISO | F101: 0.098551142 | G101: 39.10384

Sheet LAYOUT_CD
A1: ZONA | B1: DISTANCIA_METROS | C1: TIEMPO_MINUTOS | D1: CAPACIDAD_M3_MAX
A2: 2. PISO | B2: 10 | C2: 1.6 | D2: 500
A3: 10. UBICACIÓN RECIBO | B3: 15 | C3: 2.01 | D3: 200
A4: 8. CLUSTER | B4: 50 | C4: 4.01 | D4: 300
A5: 4. RACK BALDA | B5: 60 | C5: 4.82 | D5: 250
A6: 5. RACK SIMPLE | B6: 65 | C6: 5.63 | D6: 280
A7: 6. RACK COLGANTES | B7: 45 | C7: 3.61 | D7: 180
A8: 1. LLANTAS | B8: 100 | C8: 8.04 | D8: 400
A9: 7. MEZANNINE | B9: 80 | C9: 6.42 | D9: 350
A10: 14. LATERALES | B10: 70 | C10: 5.63 | D10: 220

Sheet OCUPACION_POR_ZONA
A1: ZONA | B1: CAPACIDAD_MAX_M3 | C1: VOLUMEN_USADO_M3 | D1: VOLUMEN_DISPONIBLE_M3 | E1: PORCENTAJE_USO_%
A2: 2. PISO | B2: 500 | C2: 4.2841488 | D2: 495.71585 | E2: 0.85682976
A3: 10. UBICACIÓN RECIBO | B3: 200 | C3: 1.1248459 | D3: 198.87515 | E3: 0.56242297
A4: 8. CLUSTER | B4: 300 | C4: 2.8136089 | D4: 297.18639 | E4: 0.93786964
A5: 4. RACK BALDA | B5: 250 | C5: 4.4088403 | D5: 245.59116 | E5: 1.7635361
A6: 5. RACK SIMPLE | B6: 280 | C6: 5.2561618 | D6: 274.74384 | E6: 1.8772006
A7: 6. RACK COLGANTES | B7: 180 | C7: 1.6933487 | D7: 178.30665 | E7: 0.94074926
A8: 1. LLANTAS | B8: 400 | C8: 3.7767 | D8: 396.2233 | E8: 0.94417501
A9: 7. MEZANNINE | B9: 350 | C9: 2.800479 | D9: 347.19952 | E9: 0.80013687
A10: 14. LATERALES | B10: 220 | C10: 0 | D10: 220 | E10: 0

Sheet PEDIDOS ACTUAL
A1: PEDIDO_ID | B1: LINEA | C1: SKU | D1: CANTIDAD | E1: ZONA_ACTUAL | F1: TIEMPO_HOY_MIN
A2: 1000 | B2: 1 | C2: SKU00093 | D2: 4 | E2: 1. LLANTAS | F2: 8.37
A3: 1000 | B3: 2 | C3: SKU00032 | D3: 7 | E3: 2. PISO | F3: 1.67
A4: 1000 | B4: 3 | C4: SKU00007 | D4: 6 | E4: 1. LLANTAS | F4: 8.37
A5: 1001 | B5: 1 | C5: SKU00020 | D5: 1 | E5: 2. PISO | F5: 1.67
A6: 1001 | B6: 2 | C6: SKU00022 | D6: 5 | E6: 10. UBICACIÓN RECIBO | F6: 2.09
A7: 1001 | B7: 3 | C7: SKU00076 | D7: 4 | E7: 8. CLUSTER | F7: 4.18
A8: 1002 | B8: 1 | C8: SKU00052 | D8: 7 | E8: 5. RACK SIMPLE | F8: 5.86
A9: 1002 | B9: 2 | C9: SKU00071 | D9: 1 | E9: 4. RACK BALDA | F9: 5.02
A10: 1002 | B10: 3 | C10: SKU00055 | D10: 6 | E10: 5. RACK SIMPLE | F10: 5.86
A11: 1002 | B11: 4 | C11: SKU00043 | D11: 1 | E11: 7. MEZANNINE | F11: 6.69
A12: 1002 | B12: 5 | C12: SKU00007 | D12: 2 | E12: 1. LLANTAS | F12: 8.37
A13: 1003 | B13: 1 | C13: SKU00094 | D13: 3 | E13: 1. LLANTAS | F13: 8.37
... A1501: 1434 | B1501: 1 | C1501: SKU00099 | D1501: 7 | E1501: 2. PISO | F1501: 1.67

Sheet CONSTRUYE_TU_SLOTTING
A1: SKU | B1: MARCA | C1: FAMILIA | D1: ROT_6M | E1: VOL_M3 | F1: PESO_KG | G1: ZONA_ACTUAL | H1: TIEMPO_HOY_MIN | I1: MI_LOGICA | J1: ZONA_NUEVA | K1: TIEMPO_NUEVO_MIN | L1: JUSTIFICACION
A2: SKU00001 | B2: Marca A | C2: Filtros
A3: SKU00002 | B3: Marca B | C3: Lubricantes
A4: SKU00003 | B4: Marca C | C4: Pastillas
A5: SKU00004 | B5: Marca D | C5: Correas
A6: SKU00005 | B6: Marca E | C6: Soportes
A7: SKU00006 | B7: Marca A | C7: Filtros
A8: SKU00007 | B8: Marca B | C8: Lubricantes
A9: SKU00008 | B9: Marca C | C9: Pastillas
A10: SKU00009 | B10: Marca D | C10: Correas
A11: SKU00010 | B11: Marca E | C11: Soportes
A12: SKU00011 | B12: Marca A | C12: Filtros
A13: SKU00012 | B13: Marca B | C13: Lubricantes
... A101: SKU00100 | B101: Marca E | C101: Soportes

Sheet ANALYTICS_BASE
A1: BASE ANALÍTICA CONSOLIDADA — CD ALDEAS / INCHCAPE PERÚ | P1: 4 | Q1: Umbral de zona lejana (min de acceso) — supuesto ajustable
A2: Muestra académica 100 SKU. Todas las celdas de esta hoja son fórmulas que referencian las hojas fuente originales.
A4: SKU | B4: MARCA | C4: FAMILIA | D4: ROTACIÓN 6M | E4: ABC | F4: ZONA ACTUAL | G4: TIEMPO ACCESO (MIN) | H4: DISTANCIA (M) | I4: VOLUMEN M3 | J4: PESO KG | K4: MIN-PICK ANUALIZ. (ROT×TIEMPO) | L4: ZONA LEJANA (>4 MIN) | M4: CANDIDATO RESLOTTING | P4: T1 — DISTRIBUCIÓN ABC | Q4: SKU | R4: % SKU | S4: ROTACIÓN TOTAL | T4: % ROTACIÓN
A5: =STOCK_ACTUAL!B2 -> SKU00001 | B5: =STOCK_ACTUAL!C2 -> Marca A | C5: =STOCK_ACTUAL!D2 -> Filtros | D5: =_xlfn.XLOOKUP($A5,ROTACIÓN!$A$2:$A$101,ROTACIÓN!$B$2:$B$101) -> 422 | E5: =_xlfn.XLOOKUP($A5,ROTACIÓN!$A$2:$A$101,ROTACIÓN!$C$2:$C$101) -> A | F5: =STOCK_ACTUAL!E2 -> 2. PISO | G5: =_xlfn.XLOOKUP($F5,LAYOUT_CD!$A$2:$A$10,LAYOUT_CD!$C$2:$C$10) -> 1.6 | H5: =_xlfn.XLOOKUP($F5,LAYOUT_CD!$A$2:$A$10,LAYOUT_CD!$B$2:$B$10) -> 10 | I5: =STOCK_ACTUAL!F2 -> 0.21854305 | J5: =STOCK_ACTUAL!G2 -> 2.0557447 | K5: =$D5*$G5 -> 675.2 | L5: =IF($G5>$P$1,"SÍ","NO") -> NO | M5: =IF(AND($E5="A",$L5="SÍ"),"SÍ","NO") -> NO | P5: Clase A | Q5: =COUNTIF($E$5:$E$104,"A") -> 39 | R5: =Q5/$Q$8 -> 0.39 | S5: =SUMIF($E$5:$E$104,"A",$D$5:$D$104) -> 16399 | T5: =S5/$S$8 -> 0.55048674
A6: =STOCK_ACTUAL!B3 -> SKU00002 | B6: =STOCK_ACTUAL!C3 -> Marca B | C6: =STOCK_ACTUAL!D3 -> Lubricantes | D6: =_xlfn.XLOOKUP($A6,ROTACIÓN!$A$2:$A$101,ROTACIÓN!$B$2:$B$101) -> 236 | E6: =_xlfn.XLOOKUP($A6,ROTACIÓN!$A$2:$A$101,ROTACIÓN!$C$2:$C$101) -> B | F6: =STOCK_ACTUAL!E3 -> 1. LLANTAS | G6: =_xlfn.XLOOKUP($F6,LAYOUT_CD!$A$2:$A$10,LAYOUT_CD!$C$2:$C$10) -> 8.04 | H6: =_xlfn.XLOOKUP($F6,LAYOUT_CD!$A$2:$A$10,LAYOUT_CD!$B$2:$B$10) -> 100 | I6: =STOCK_ACTUAL!F3 -> 0.47782144 | J6: =STOCK_ACTUAL!G3 -> 32.002315 | K6: =$D6*$G6 -> 1897.44 | L6: =IF($G6>$P$1,"SÍ","NO") -> SÍ | M6: =IF(AND($E6="A",$L6="SÍ"),"SÍ","NO") -> NO | P6: Clase B | Q6: =COUNTIF($E$5:$E$104,"B") -> 35 | R6: =Q6/$Q$8 -> 0.35 | S6: =SUMIF($E$5:$E$104,"B",$D$5:$D$104) -> 9735 | T6: =S6/$S$8 -> 0.32678751
A7: =STOCK_ACTUAL!B4 -> SKU00003 | B7: =STOCK_ACTUAL!C4 -> Marca C | C7: =STOCK_ACTUAL!D4 -> Pastillas | D7: =_xlfn.XLOOKUP($A7,ROTACIÓN!$A$2:$A$101,ROTACIÓN!$B$2:$B$101) -> 231 | E7: =_xlfn.XLOOKUP($A7,ROTACIÓN!$A$2:$A$101,ROTACIÓN!$C$2:$C$101) -> B | F7: =STOCK_ACTUAL!E4 -> 1. LLANTAS | G7: =_xlfn.XLOOKUP($F7,LAYOUT_CD!$A$2:$A$10,LAYOUT_CD!$C$2:$C$10) -> 8.04 | H7: =_xlfn.XLOOKUP($F7,LAYOUT_CD!$A$2:$A$10,LAYOUT_CD!$B$2:$B$10) -> 100 | I7: =STOCK_ACTUAL!F4 -> 0.37939727 | J7: =STOCK_ACTUAL!G4 -> 16.060621 | K7: =$D7*$G7 -> 1857.24 | L7: =IF($G7>$P$1,"SÍ","NO") -> SÍ | M7: =IF(AND($E7="A",$L7="SÍ"),"SÍ","NO") -> NO | P7: Clase C | Q7: =COUNTIF($E$5:$E$104,"C") -> 26 | R7: =Q7/$Q$8 -> 0.26 | S7: =SUMIF($E$5:$E$104,"C",$D$5:$D$104) -> 3656 | T7: =S7/$S$8 -> 0.12272575
A8: =STOCK_ACTUAL!B5 -> SKU00004 | B8: =STOCK_ACTUAL!C5 -> Marca D | C8: =STOCK_ACTUAL!D5 -> Correas | D8: =_xlfn.XLOOKUP($A8,ROTACIÓN!$A$2:$A$101,ROTACIÓN!$B$2:$B$101) -> 208 | E8: =_xlfn.XLOOKUP($A8,ROTACIÓN!$A$2:$A$101,ROTACIÓN!$C$2:$C$101) -> B | F8: =STOCK_ACTUAL!E5 -> 7. MEZANNINE | G8: =_xlfn.XLOOKUP($F8,LAYOUT_CD!$A$2:$A$10,LAYOUT_CD!$C$2:$C$10) -> 6.42 | H8: =_xlfn.XLOOKUP($F8,LAYOUT_CD!$A$2:$A$10,LAYOUT_CD!$B$2:$B$10) -> 80 | I8: =STOCK_ACTUAL!F5 -> 0.31939632 | J8: =STOCK_ACTUAL!G5 -> 25.674249 | K8: =$D8*$G8 -> 1335.36 | L8: =IF($G8>$P$1,"SÍ","NO") -> SÍ | M8: =IF(AND($E8="A",$L8="SÍ"),"SÍ","NO") -> NO | P8: TOTAL | Q8: =SUM(Q5:Q7) -> 100 | R8: =SUM(R5:R7) -> 1 | S8: =SUM(S5:S7) -> 29790 | T8: =SUM(T5:T7) -> 1
A9: =STOCK_ACTUAL!B6 -> SKU00005 | B9: =STOCK_ACTUAL!C6 -> Marca E | C9: =STOCK_ACTUAL!D6 -> Soportes | D9: =_xlfn.XLOOKUP($A9,ROTACIÓN!$A$2:$A$101,ROTACIÓN!$B$2:$B$101) -> 465 | E9: =_xlfn.XLOOKUP($A9,ROTACIÓN!$A$2:$A$101,ROTACIÓN!$C$2:$C$101) -> A | F9: =STOCK_ACTUAL!E6 -> 2. PISO | G9: =_xlfn.XLOOKUP($F9,LAYOUT_CD!$A$2:$A$10,LAYOUT_CD!$C$2:$C$10) -> 1.6 | H9: =_xlfn.XLOOKUP($F9,LAYOUT_CD!$A$2:$A$10,LAYOUT_CD!$B$2:$B$10) -> 10 | I9: =STOCK_ACTUAL!F6 -> 0.12020839 | J9: =STOCK_ACTUAL!G6 -> 45.42454 | K9: =$D9*$G9 -> 744 | L9: =IF($G9>$P$1,"SÍ","NO") -> NO | M9: =IF(AND($E9="A",$L9="SÍ"),"SÍ","NO") -> NO
A10: =STOCK_ACTUAL!B7 -> SKU00006 | B10: =STOCK_ACTUAL!C7 -> Marca A | C10: =STOCK_ACTUAL!D7 -> Filtros | D10: =_xlfn.XLOOKUP($A10,ROTACIÓN!$A$2:$A$101,ROTACIÓN!$B$2:$B$101) -> 161 | E10: =_xlfn.XLOOKUP($A10,ROTACIÓN!$A$2:$A$101,ROTACIÓN!$C$2:$C$101) -> C | F10: =STOCK_ACTUAL!E7 -> 2. PISO | G10: =_xlfn.XLOOKUP($F10,LAYOUT_CD!$A$2:$A$10,LAYOUT_CD!$C$2:$C$10) -> 1.6 | H10: =_xlfn.XLOOKUP($F10,LAYOUT_CD!$A$2:$A$10,LAYOUT_CD!$B$2:$B$10) -> 10 | I10: =STOCK_ACTUAL!F7 -> 0.12019753 | J10: =STOCK_ACTUAL!G7 -> 12.839965 | K10: =$D10*$G10 -> 257.6 | L10: =IF($G10>$P$1,"SÍ","NO") -> NO | M10: =IF(AND($E10="A",$L10="SÍ"),"SÍ","NO") -> NO
A11: =STOCK_ACTUAL!B8 -> SKU00007 | B11: =STOCK_ACTUAL!C8 -> Marca B | C11: =STOCK_ACTUAL!D8 -> Lubricantes | D11: =_xlfn.XLOOKUP($A11,ROTACIÓN!$A$2:$A$101,ROTACIÓN!$B$2:$B$101) -> 102 | E11: =_xlfn.XLOOKUP($A11,ROTACIÓN!$A$2:$A$101,ROTACIÓN!$C$2:$C$101) -> C | F11: =STOCK_ACTUAL!E8 -> 1. LLANTAS | G11: =_xlfn.XLOOKUP($F11,LAYOUT_CD!$A$2:$A$10,LAYOUT_CD!$C$2:$C$10) -> 8.04 | H11: =_xlfn.XLOOKUP($F11,LAYOUT_CD!$A$2:$A$10,LAYOUT_CD!$B$2:$B$10) -> 100 | I11: =STOCK_ACTUAL!F8 -> 0.076137625 | J11: =STOCK_ACTUAL!G8 -> 20.813955 | K11: =$D11*$G11 -> 820.08 | L11: =IF($G11>$P$1,"SÍ","NO") -> SÍ | M11: =IF(AND($E11="A",$L11="SÍ"),"SÍ","NO") -> NO | P11: T2 — ROTACIÓN PROMEDIO POR FAMILIA (ranking desc.) | Q11: ROT. PROM. | R11: ROT. TOTAL | S11: N° SKU | T11: N° SKU CLASE A
A12: =STOCK_ACTUAL!B9 -> SKU00008 | B12: =STOCK_ACTUAL!C9 -> Marca C | C12: =STOCK_ACTUAL!D9 -> Pastillas | D12: =_xlfn.XLOOKUP($A12,ROTACIÓN!$A$2:$A$101,ROTACIÓN!$B$2:$B$101) -> 236 | E12: =_xlfn.XLOOKUP($A12,ROTACIÓN!$A$2:$A$101,ROTACIÓN!$C$2:$C$101) -> B | F12: =STOCK_ACTUAL!E9 -> 8. CLUSTER | G12: =_xlfn.XLOOKUP($F12,LAYOUT_CD!$A$2:$A$10,LAYOUT_CD!$C$2:$C$10) -> 4.01 | H12: =_xlfn.XLOOKUP($F12,LAYOUT_CD!$A$2:$A$10,LAYOUT_CD!$B$2:$B$10) -> 50 | I12: =STOCK_ACTUAL!F9 -> 0.43977927 | J12: =STOCK_ACTUAL!G9 -> 37.899781 | K12: =$D12*$G12 -> 946.36 | L12: =IF($G12>$P$1,"SÍ","NO") -> SÍ | M12: =IF(AND($E12="A",$L12="SÍ"),"SÍ","NO") -> NO | P12: Soportes | Q12: =AVERAGEIF($C$5:$C$104,$P12,$D$5:$D$104) -> 352.15 | R12: =SUMIF($C$5:$C$104,$P12,$D$5:$D$104) -> 7043 | S12: =COUNTIF($C$5:$C$104,$P12) -> 20 | T12: =COUNTIFS($C$5:$C$104,$P12,$E$5:$E$104,"A") -> 12
A13: =STOCK_ACTUAL!B10 -> SKU00009 | B13: =STOCK_ACTUAL!C10 -> Marca D | C13: =STOCK_ACTUAL!D10 -> Correas | D13: =_xlfn.XLOOKUP($A13,ROTACIÓN!$A$2:$A$101,ROTACIÓN!$B$2:$B$101) -> 432 | E13: =_xlfn.XLOOKUP($A13,ROTACIÓN!$A$2:$A$101,ROTACIÓN!$C$2:$C$101) -> A | F13: =STOCK_ACTUAL!E10 -> 4. RACK BALDA | G13: =_xlfn.XLOOKUP($F13,LAYOUT_CD!$A$2:$A$10,LAYOUT_CD!$C$2:$C$10) -> 4.82 | H13: =_xlfn.XLOOKUP($F13,LAYOUT_CD!$A$2:$A$10,LAYOUT_CD!$B$2:$B$10) -> 60 | I13: =STOCK_ACTUAL!F10 -> 0.32050176 | J13: =STOCK_ACTUAL!G10 -> 11.825509 | K13: =$D13*$G13 -> 2082.24 | L13: =IF($G13>$P$1,"SÍ","NO") -> SÍ | M13: =IF(AND($E13="A",$L13="SÍ"),"SÍ","NO") -> SÍ | P13: Correas | Q13: =AVERAGEIF($C$5:$C$104,$P13,$D$5:$D$104) -> 338.25 | R13: =SUMIF($C$5:$C$104,$P13,$D$5:$D$104) -> 6765 | S13: =COUNTIF($C$5:$C$104,$P13) -> 20 | T13: =COUNTIFS($C$5:$C$104,$P13,$E$5:$E$104,"A") -> 10
A14: =STOCK_ACTUAL!B11 -> SKU00010 | B14: =STOCK_ACTUAL!C11 -> Marca E | C14: =STOCK_ACTUAL!D11 -> Soportes | D14: =_xlfn.XLOOKUP($A14,ROTACIÓN!$A$2:$A$101,ROTACIÓN!$B$2:$B$101) -> 316 | E14: =_xlfn.XLOOKUP($A14,ROTACIÓN!$A$2:$A$101,ROTACIÓN!$C$2:$C$101) -> B | F14: =STOCK_ACTUAL!E11 -> 5. RACK SIMPLE | G14: =_xlfn.XLOOKUP($F14,LAYOUT_CD!$A$2:$A$10,LAYOUT_CD!$C$2:$C$10) -> 5.63 | H14: =_xlfn.XLOOKUP($F14,LAYOUT_CD!$A$2:$A$10,LAYOUT_CD!$B$2:$B$10) -> 65 | I14: =STOCK_ACTUAL!F11 -> 0.36863266 | J14: =STOCK_ACTUAL!G11 -> 4.3105055 | K14: =$D14*$G14 -> 1779.08 | L14: =IF($G14>$P$1,"SÍ","NO") -> SÍ | M14: =IF(AND($E14="A",$L14="SÍ"),"SÍ","NO") -> NO | P14: Filtros | Q14: =AVERAGEIF($C$5:$C$104,$P14,$D$5:$D$104) -> 281.05 | R14: =SUMIF($C$5:$C$104,$P14,$D$5:$D$104) -> 5621 | S14: =COUNTIF($C$5:$C$104,$P14) -> 20 | T14: =COUNTIFS($C$5:$C$104,$P14,$E$5:$E$104,"A") -> 6
A15: =STOCK_ACTUAL!B12 -> SKU00011 | B15: =STOCK_ACTUAL!C12 -> Marca A | C15: =STOCK_ACTUAL!D12 -> Filtros | D15: =_xlfn.XLOOKUP($A15,ROTACIÓN!$A$2:$A$101,ROTACIÓN!$B$2:$B$101) -> 219 | E15: =_xlfn.XLOOKUP($A15,ROTACIÓN!$A$2:$A$101,ROTACIÓN!$C$2:$C$101) -> B | F15: =STOCK_ACTUAL!E12 -> 7. MEZANNINE | G15: =_xlfn.XLOOKUP($F15,LAYOUT_CD!$A$2:$A$10,LAYOUT_CD!$C$2:$C$10) -> 6.42 | H15: =_xlfn.XLOOKUP($F15,LAYOUT_CD!$A$2:$A$10,LAYOUT_CD!$B$2:$B$10) -> 80 | I15: =STOCK_ACTUAL!F12 -> 0.059263022 | J15: =STOCK_ACTUAL!G12 -> 14.842697 | K15: =$D15*$G15 -> 1405.98 | L15: =IF($G15>$P$1,"SÍ","NO") -> SÍ | M15: =IF(AND($E15="A",$L15="SÍ"),"SÍ","NO") -> NO | P15: Pastillas | Q15: =AVERAGEIF($C$5:$C$104,$P15,$D$5:$D$104) -> 267.75 | R15: =SUMIF($C$5:$C$104,$P15,$D$5:$D$104) -> 5355 | S15: =COUNTIF($C$5:$C$104,$P15) -> 20 | T15: =COUNTIFS($C$5:$C$104,$P15,$E$5:$E$104,"A") -> 7
A16: =STOCK_ACTUAL!B13 -> SKU00012 | B16: =STOCK_ACTUAL!C13 -> Marca B | C16: =STOCK_ACTUAL!D13 -> Lubricantes | D16: =_xlfn.XLOOKUP($A16,ROTACIÓN!$A$2:$A$101,ROTACIÓN!$B$2:$B$101) -> 150 | E16: =_xlfn.XLOOKUP($A16,ROTACIÓN!$A$2:$A$101,ROTACIÓN!$C$2:$C$101) -> C | F16: =STOCK_ACTUAL!E13 -> 7. MEZANNINE | G16: =_xlfn.XLOOKUP($F16,LAYOUT_CD!$A$2:$A$10,LAYOUT_CD!$C$2:$C$10) -> 6.42 | H16: =_xlfn.XLOOKUP($F16,LAYOUT_CD!$A$2:$A$10,LAYOUT_CD!$B$2:$B$10) -> 80 | I16: =STOCK_ACTUAL!F13 -> 0.48645943 | J16: =STOCK_ACTUAL!G13 -> 8.4804537 | K16: =$D16*$G16 -> 963 | L16: =IF($G16>$P$1,"SÍ","NO") -> SÍ | M16: =IF(AND($E16="A",$L16="SÍ"),"SÍ","NO") -> NO | P16: Lubricantes | Q16: =AVERAGEIF($C$5:$C$104,$P16,$D$5:$D$104) -> 250.3 | R16: =SUMIF($C$5:$C$104,$P16,$D$5:$D$104) -> 5006 | S16: =COUNTIF($C$5:$C$104,$P16) -> 20 | T16: =COUNTIFS($C$5:$C$104,$P16,$E$5:$E$104,"A") -> 4
A17: =STOCK_ACTUAL!B14 -> SKU00013 | B17: =STOCK_ACTUAL!C14 -> Marca C | C17: =STOCK_ACTUAL!D14 -> Pastillas | D17: =_xlfn.XLOOKUP($A17,ROTACIÓN!$A$2:$A$101,ROTACIÓN!$B$2:$B$101) -> 398 | E17: =_xlfn.XLOOKUP($A17,ROTACIÓN!$A$2:$A$101,ROTACIÓN!$C$2:$C$101) -> A | F17: =STOCK_ACTUAL!E14 -> 5. RACK SIMPLE | G17: =_xlfn.XLOOKUP($F17,LAYOUT_CD!$A$2:$A$10,LAYOUT_CD!$C$2:$C$10) -> 5.63 | H17: =_xlfn.XLOOKUP($F17,LAYOUT_CD!$A$2:$A$10,LAYOUT_CD!$B$2:$B$10) -> 65 | I17: =STOCK_ACTUAL!F14 -> 0.42459919 | J17: =STOCK_ACTUAL!G14 -> 46.520034 | K17: =$D17*$G17 -> 2240.74 | L17: =IF($G17>$P$1,"SÍ","NO") -> SÍ | M17: =IF(AND($E17="A",$L17="SÍ"),"SÍ","NO") -> SÍ
A18: =STOCK_ACTUAL!B15 -> SKU00014 | B18: =STOCK_ACTUAL!C15 -> Marca D | C18: =STOCK_ACTUAL!D15 -> Correas | D18: =_xlfn.XLOOKUP($A18,ROTACIÓN!$A$2:$A$101,ROTACIÓN!$B$2:$B$101) -> 352 | E18: =_xlfn.XLOOKUP($A18,ROTACIÓN!$A$2:$A$101,ROTACIÓN!$C$2:$C$101) -> A | F18: =STOCK_ACTUAL!E15 -> 2. PISO | G18: =_xlfn.XLOOKUP($F18,LAYOUT_CD!$A$2:$A$10,LAYOUT_CD!$C$2:$C$10) -> 1.6 | H18: =_xlfn.XLOOKUP($F18,LAYOUT_CD!$A$2:$A$10,LAYOUT_CD!$B$2:$B$10) -> 10 | I18: =STOCK_ACTUAL!F15 -> 0.1455526 | J18: =STOCK_ACTUAL!G15 -> 40.501959 | K18: =$D18*$G18 -> 563.2 | L18: =IF($G18>$P$1,"SÍ","NO") -> NO | M18: =IF(AND($E18="A",$L18="SÍ"),"SÍ","NO") -> NO
A19: =STOCK_ACTUAL!B16 -> SKU00015 | B19: =STOCK_ACTUAL!C16 -> Marca E | C19: =STOCK_ACTUAL!D16 -> Soportes | D19: =_xlfn.XLOOKUP($A19,ROTACIÓN!$A$2:$A$101,ROTACIÓN!$B$2:$B$101) -> 401 | E19: =_xlfn.XLOOKUP($A19,ROTACIÓN!$A$2:$A$101,ROTACIÓN!$C$2:$C$101) -> A | F19: =STOCK_ACTUAL!E16 -> 2. PISO | G19: =_xlfn.XLOOKUP($F19,LAYOUT_CD!$A$2:$A$10,LAYOUT_CD!$C$2:$C$10) -> 1.6 | H19: =_xlfn.XLOOKUP($F19,LAYOUT_CD!$A$2:$A$10,LAYOUT_CD!$B$2:$B$10) -> 10 | I19: =STOCK_ACTUAL!F16 -> 0.13182124 | J19: =STOCK_ACTUAL!G16 -> 31.853486 | K19: =$D19*$G19 -> 641.6 | L19: =IF($G19>$P$1,"SÍ","NO") -> NO | M19: =IF(AND($E19="A",$L19="SÍ"),"SÍ","NO") -> NO | P19: T3-T7 — PANEL CONSOLIDADO POR ZONA | Q19: N° SKU | R19: ROT. PROM. | S19: TIEMPO ACCESO (MIN) | T19: DIST. (M) | U19: VOL. USADO M3 | V19: CAPACIDAD M3 | W19: % USO | X19: SKU A | Y19: SKU B | Z19: SKU C | AA19: MIN-PICK TOTAL
A20: =STOCK_ACTUAL!B17 -> SKU00016 | B20: =STOCK_ACTUAL!C17 -> Marca A | C20: =STOCK_ACTUAL!D17 -> Filtros | D20: =_xlfn.XLOOKUP($A20,ROTACIÓN!$A$2:$A$101,ROTACIÓN!$B$2:$B$101) -> 302 | E20: =_xlfn.XLOOKUP($A20,ROTACIÓN!$A$2:$A$101,ROTACIÓN!$C$2:$C$101) -> B | F20: =STOCK_ACTUAL!E17 -> 2. PISO | G20: =_xlfn.XLOOKUP($F20,LAYOUT_CD!$A$2:$A$10,LAYOUT_CD!$C$2:$C$10) -> 1.6 | H20: =_xlfn.XLOOKUP($F20,LAYOUT_CD!$A$2:$A$10,LAYOUT_CD!$B$2:$B$10) -> 10 | I20: =STOCK_ACTUAL!F17 -> 0.13253203 | J20: =STOCK_ACTUAL!G17 -> 43.637299 | K20: =$D20*$G20 -> 483.2 | L20: =IF($G20>$P$1,"SÍ","NO") -> NO | M20: =IF(AND($E20="A",$L20="SÍ"),"SÍ","NO") -> NO | P20: =LAYOUT_CD!A2 -> 2. PISO | Q20: =COUNTIF($F$5:$F$104,$P20) -> 27 | R20: =IFERROR(AVERAGEIF($F$5:$F$104,$P20,$D$5:$D$104),0) -> 305.40741 | S20: =_xlfn.XLOOKUP($P20,LAYOUT_CD!$A$2:$A$10,LAYOUT_CD!$C$2:$C$10) -> 1.6 | T20: =_xlfn.XLOOKUP($P20,LAYOUT_CD!$A$2:$A$10,LAYOUT_CD!$B$2:$B$10) -> 10 | U20: =SUMIF($F$5:$F$104,$P20,$I$5:$I$104) -> 4.2841488 | V20: =_xlfn.XLOOKUP($P20,LAYOUT_CD!$A$2:$A$10,LAYOUT_CD!$D$2:$D$10) -> 500 | W20: =IFERROR($U20/$V20,0) -> 0.0085682976 | X20: =COUNTIFS($F$5:$F$104,$P20,$E$5:$E$104,"A") -> 13 | Y20: =COUNTIFS($F$5:$F$104,$P20,$E$5:$E$104,"B") -> 6 | Z20: =COUNTIFS($F$5:$F$104,$P20,$E$5:$E$104,"C") -> 8 | AA20: =SUMIF($F$5:$F$104,$P20,$K$5:$K$104) -> 13193.6
A21: =STOCK_ACTUAL!B18 -> SKU00017 | B21: =STOCK_ACTUAL!C18 -> Marca B | C21: =STOCK_ACTUAL!D18 -> Lubricantes | D21: =_xlfn.XLOOKUP($A21,ROTACIÓN!$A$2:$A$101,ROTACIÓN!$B$2:$B$101) -> 314 | E21: =_xlfn.XLOOKUP($A21,ROTACIÓN!$A$2:$A$101,ROTACIÓN!$C$2:$C$101) -> B | F21: =STOCK_ACTUAL!E18 -> 2. PISO | G21: =_xlfn.XLOOKUP($F21,LAYOUT_CD!$A$2:$A$10,LAYOUT_CD!$C$2:$C$10) -> 1.6 | H21: =_xlfn.XLOOKUP($F21,LAYOUT_CD!$A$2:$A$10,LAYOUT_CD!$B$2:$B$10) -> 10 | I21: =STOCK_ACTUAL!F18 -> 0.18690901 | J21: =STOCK_ACTUAL!G18 -> 40.281768 | K21: =$D21*$G21 -> 502.4 | L21: =IF($G21>$P$1,"SÍ","NO") -> NO | M21: =IF(AND($E21="A",$L21="SÍ"),"SÍ","NO") -> NO | P21: =LAYOUT_CD!A3 -> 10. UBICACIÓN RECIBO | Q21: =COUNTIF($F$5:$F$104,$P21) -> 8 | R21: =IFERROR(AVERAGEIF($F$5:$F$104,$P21,$D$5:$D$104),0) -> 330.875 | S21: =_xlfn.XLOOKUP($P21,LAYOUT_CD!$A$2:$A$10,LAYOUT_CD!$C$2:$C$10) -> 2.01 | T21: =_xlfn.XLOOKUP($P21,LAYOUT_CD!$A$2:$A$10,LAYOUT_CD!$B$2:$B$10) -> 15 | U21: =SUMIF($F$5:$F$104,$P21,$I$5:$I$104) -> 1.1248459 | V21: =_xlfn.XLOOKUP($P21,LAYOUT_CD!$A$2:$A$10,LAYOUT_CD!$D$2:$D$10) -> 200 | W21: =IFERROR($U21/$V21,0) -> 0.0056242297 | X21: =COUNTIFS($F$5:$F$104,$P21,$E$5:$E$104,"A") -> 4 | Y21: =COUNTIFS($F$5:$F$104,$P21,$E$5:$E$104,"B") -> 2 | Z21: =COUNTIFS($F$5:$F$104,$P21,$E$5:$E$104,"C") -> 2 | AA21: =SUMIF($F$5:$F$104,$P21,$K$5:$K$104) -> 5320.47
A22: =STOCK_ACTUAL!B19 -> SKU00018 | B22: =STOCK_ACTUAL!C19 -> Marca C | C22: =STOCK_ACTUAL!D19 -> Pastillas | D22: =_xlfn.XLOOKUP($A22,ROTACIÓN!$A$2:$A$101,ROTACIÓN!$B$2:$B$101) -> 451 | E22: =_xlfn.XLOOKUP($A22,ROTACIÓN!$A$2:$A$101,ROTACIÓN!$C$2:$C$101) -> A | F22: =STOCK_ACTUAL!E19 -> 2. PISO | G22: =_xlfn.XLOOKUP($F22,LAYOUT_CD!$A$2:$A$10,LAYOUT_CD!$C$2:$C$10) -> 1.6 | H22: =_xlfn.XLOOKUP($F22,LAYOUT_CD!$A$2:$A$10,LAYOUT_CD!$B$2:$B$10) -> 10 | I22: =STOCK_ACTUAL!F19 -> 0.28614039 | J22: =STOCK_ACTUAL!G19 -> 9.7352179 | K22: =$D22*$G22 -> 721.6 | L22: =IF($G22>$P$1,"SÍ","NO") -> NO | M22: =IF(AND($E22="A",$L22="SÍ"),"SÍ","NO") -> NO | P22: =LAYOUT_CD!A4 -> 8. CLUSTER | Q22: =COUNTIF($F$5:$F$104,$P22) -> 7 | R22: =IFERROR(AVERAGEIF($F$5:$F$104,$P22,$D$5:$D$104),0) -> 291.71429 | S22: =_xlfn.XLOOKUP($P22,LAYOUT_CD!$A$2:$A$10,LAYOUT_CD!$C$2:$C$10) -> 4.01 | T22: =_xlfn.XLOOKUP($P22,LAYOUT_CD!$A$2:$A$10,LAYOUT_CD!$B$2:$B$10) -> 50 | U22: =SUMIF($F$5:$F$104,$P22,$I$5:$I$104) -> 2.8136089 | V22: =_xlfn.XLOOKUP($P22,LAYOUT_CD!$A$2:$A$10,LAYOUT_CD!$D$2:$D$10) -> 300 | W22: =IFERROR($U22/$V22,0) -> 0.0093786964 | X22: =COUNTIFS($F$5:$F$104,$P22,$E$5:$E$104,"A") -> 2 | Y22: =COUNTIFS($F$5:$F$104,$P22,$E$5:$E$104,"B") -> 3 | Z22: =COUNTIFS($F$5:$F$104,$P22,$E$5:$E$104,"C") -> 2 | AA22: =SUMIF($F$5:$F$104,$P22,$K$5:$K$104) -> 8188.42
A23: =STOCK_ACTUAL!B20 -> SKU00019 | B23: =STOCK_ACTUAL!C20 -> Marca D | C23: =STOCK_ACTUAL!D20 -> Correas | D23: =_xlfn.XLOOKUP($A23,ROTACIÓN!$A$2:$A$101,ROTACIÓN!$B$2:$B$101) -> 186 | E23: =_xlfn.XLOOKUP($A23,ROTACIÓN!$A$2:$A$101,ROTACIÓN!$C$2:$C$101) -> C | F23: =STOCK_ACTUAL!E20 -> 5. RACK SIMPLE | G23: =_xlfn.XLOOKUP($F23,LAYOUT_CD!$A$2:$A$10,LAYOUT_CD!$C$2:$C$10) -> 5.63 | H23: =_xlfn.XLOOKUP($F23,LAYOUT_CD!$A$2:$A$10,LAYOUT_CD!$B$2:$B$10) -> 65 | I23: =STOCK_ACTUAL!F20 -> 0.24437526 | J23: =STOCK_ACTUAL!G20 -> 44.68167 | K23: =$D23*$G23 -> 1047.18 | L23: =IF($G23>$P$1,"SÍ","NO") -> SÍ | M23: =IF(AND($E23="A",$L23="SÍ"),"SÍ","NO") -> NO | P23: =LAYOUT_CD!A5 -> 4. RACK BALDA | Q23: =COUNTIF($F$5:$F$104,$P23) -> 12 | R23: =IFERROR(AVERAGEIF($F$5:$F$104,$P23,$D$5:$D$104),0) -> 266.16667 | S23: =_xlfn.XLOOKUP($P23,LAYOUT_CD!$A$2:$A$10,LAYOUT_CD!$C$2:$C$10) -> 4.82 | T23: =_xlfn.XLOOKUP($P23,LAYOUT_CD!$A$2:$A$10,LAYOUT_CD!$B$2:$B$10) -> 60 | U23: =SUMIF($F$5:$F$104,$P23,$I$5:$I$104) -> 4.4088403 | V23: =_xlfn.XLOOKUP($P23,LAYOUT_CD!$A$2:$A$10,LAYOUT_CD!$D$2:$D$10) -> 250 | W23: =IFERROR($U23/$V23,0) -> 0.017635361 | X23: =COUNTIFS($F$5:$F$104,$P23,$E$5:$E$104,"A") -> 5 | Y23: =COUNTIFS($F$5:$F$104,$P23,$E$5:$E$104,"B") -> 2 | Z23: =COUNTIFS($F$5:$F$104,$P23,$E$5:$E$104,"C") -> 5 | AA23: =SUMIF($F$5:$F$104,$P23,$K$5:$K$104) -> 15395.08
A24: =STOCK_ACTUAL!B21 -> SKU00020 | B24: =STOCK_ACTUAL!C21 -> Marca E | C24: =STOCK_ACTUAL!D21 -> Soportes | D24: =_xlfn.XLOOKUP($A24,ROTACIÓN!$A$2:$A$101,ROTACIÓN!$B$2:$B$101) -> 399 | E24: =_xlfn.XLOOKUP($A24,ROTACIÓN!$A$2:$A$101,ROTACIÓN!$C$2:$C$101) -> A | F24: =STOCK_ACTUAL!E21 -> 2. PISO | G24: =_xlfn.XLOOKUP($F24,LAYOUT_CD!$A$2:$A$10,LAYOUT_CD!$C$2:$C$10) -> 1.6 | H24: =_xlfn.XLOOKUP($F24,LAYOUT_CD!$A$2:$A$10,LAYOUT_CD!$B$2:$B$10) -> 10 | I24: =STOCK_ACTUAL!F21 -> 0.18105311 | J24: =STOCK_ACTUAL!G21 -> 27.197441 | K24: =$D24*$G24 -> 638.4 | L24: =IF($G24>$P$1,"SÍ","NO") -> NO | M24: =IF(AND($E24="A",$L24="SÍ"),"SÍ","NO") -> NO | P24: =LAYOUT_CD!A6 -> 5. RACK SIMPLE | Q24: =COUNTIF($F$5:$F$104,$P24) -> 15 | R24: =IFERROR(AVERAGEIF($F$5:$F$104,$P24,$D$5:$D$104),0) -> 318.46667 | S24: =_xlfn.XLOOKUP($P24,LAYOUT_CD!$A$2:$A$10,LAYOUT_CD!$C$2:$C$10) -> 5.63 | T24: =_xlfn.XLOOKUP($P24,LAYOUT_CD!$A$2:$A$10,LAYOUT_CD!$B$2:$B$10) -> 65 | U24: =SUMIF($F$5:$F$104,$P24,$I$5:$I$104) -> 5.2561618 | V24: =_xlfn.XLOOKUP($P24,LAYOUT_CD!$A$2:$A$10,LAYOUT_CD!$D$2:$D$10) -> 280 | W24: =IFERROR($U24/$V24,0) -> 0.018772006 | X24: =COUNTIFS($F$5:$F$104,$P24,$E$5:$E$104,"A") -> 6 | Y24: =COUNTIFS($F$5:$F$104,$P24,$E$5:$E$104,"B") -> 6 | Z24: =COUNTIFS($F$5:$F$104,$P24,$E$5:$E$104,"C") -> 3 | AA24: =SUMIF($F$5:$F$104,$P24,$K$5:$K$104) -> 26894.51
A25: =STOCK_ACTUAL!B22 -> SKU00021 | B25: =STOCK_ACTUAL!C22 -> Marca A | C25: =STOCK_ACTUAL!D22 -> Filtros | D25: =_xlfn.XLOOKUP($A25,ROTACIÓN!$A$2:$A$101,ROTACIÓN!$B$2:$B$101) -> 167 | E25: =_xlfn.XLOOKUP($A25,ROTACIÓN!$A$2:$A$101,ROTACIÓN!$C$2:$C$101) -> C | F25: =STOCK_ACTUAL!E22 -> 5. RACK SIMPLE | G25: =_xlfn.XLOOKUP($F25,LAYOUT_CD!$A$2:$A$10,LAYOUT_CD!$C$2:$C$10) -> 5.63 | H25: =_xlfn.XLOOKUP($F25,LAYOUT_CD!$A$2:$A$10,LAYOUT_CD!$B$2:$B$10) -> 65 | I25: =STOCK_ACTUAL!F22 -> 0.3253338 | J25: =STOCK_ACTUAL!G22 -> 40.468288 | K25: =$D25*$G25 -> 940.21 | L25: =IF($G25>$P$1,"SÍ","NO") -> SÍ | M25: =IF(AND($E25="A",$L25="SÍ"),"SÍ","NO") -> NO | P25: =LAYOUT_CD!A7 -> 6. RACK COLGANTES | Q25: =COUNTIF($F$5:$F$104,$P25) -> 6 | R25: =IFERROR(AVERAGEIF($F$5:$F$104,$P25,$D$5:$D$104),0) -> 272.5 | S25: =_xlfn.XLOOKUP($P25,LAYOUT_CD!$A$2:$A$10,LAYOUT_CD!$C$2:$C$10) -> 3.61 | T25: =_xlfn.XLOOKUP($P25,LAYOUT_CD!$A$2:$A$10,LAYOUT_CD!$B$2:$B$10) -> 45 | U25: =SUMIF($F$5:$F$104,$P25,$I$5:$I$104) -> 1.6933487 | V25: =_xlfn.XLOOKUP($P25,LAYOUT_CD!$A$2:$A$10,LAYOUT_CD!$D$2:$D$10) -> 180 | W25: =IFERROR($U25/$V25,0) -> 0.0094074926 | X25: =COUNTIFS($F$5:$F$104,$P25,$E$5:$E$104,"A") -> 2 | Y25: =COUNTIFS($F$5:$F$104,$P25,$E$5:$E$104,"B") -> 2 | Z25: =COUNTIFS($F$5:$F$104,$P25,$E$5:$E$104,"C") -> 2 | AA25: =SUMIF($F$5:$F$104,$P25,$K$5:$K$104) -> 5902.35
A26: =STOCK_ACTUAL!B23 -> SKU00022 | B26: =STOCK_ACTUAL!C23 -> Marca B | C26: =STOCK_ACTUAL!D23 -> Lubricantes | D26: =_xlfn.XLOOKUP($A26,ROTACIÓN!$A$2:$A$101,ROTACIÓN!$B$2:$B$101) -> 298 | E26: =_xlfn.XLOOKUP($A26,ROTACIÓN!$A$2:$A$101,ROTACIÓN!$C$2:$C$101) -> B | F26: =STOCK_ACTUAL!E23 -> 10. UBICACIÓN RECIBO | G26: =_xlfn.XLOOKUP($F26,LAYOUT_CD!$A$2:$A$10,LAYOUT_CD!$C$2:$C$10) -> 2.01 | H26: =_xlfn.XLOOKUP($F26,LAYOUT_CD!$A$2:$A$10,LAYOUT_CD!$B$2:$B$10) -> 15 | I26: =STOCK_ACTUAL!F23 -> 0.11277224 | J26: =STOCK_ACTUAL!G23 -> 44.856519 | K26: =$D26*$G26 -> 598.98 | L26: =IF($G26>$P$1,"SÍ","NO") -> NO | M26: =IF(AND($E26="A",$L26="SÍ"),"SÍ","NO") -> NO | P26: =LAYOUT_CD!A8 -> 1. LLANTAS | Q26: =COUNTIF($F$5:$F$104,$P26) -> 15 | R26: =IFERROR(AVERAGEIF($F$5:$F$104,$P26,$D$5:$D$104),0) -> 273 | S26: =_xlfn.XLOOKUP($P26,LAYOUT_CD!$A$2:$A$10,LAYOUT_CD!$C$2:$C$10) -> 8.04 | T26: =_xlfn.XLOOKUP($P26,LAYOUT_CD!$A$2:$A$10,LAYOUT_CD!$B$2:$B$10) -> 100 | U26: =SUMIF($F$5:$F$104,$P26,$I$5:$I$104) -> 3.7767 | V26: =_xlfn.XLOOKUP($P26,LAYOUT_CD!$A$2:$A$10,LAYOUT_CD!$D$2:$D$10) -> 400 | W26: =IFERROR($U26/$V26,0) -> 0.0094417501 | X26: =COUNTIFS($F$5:$F$104,$P26,$E$5:$E$104,"A") -> 3 | Y26: =COUNTIFS($F$5:$F$104,$P26,$E$5:$E$104,"B") -> 9 | Z26: =COUNTIFS($F$5:$F$104,$P26,$E$5:$E$104,"C") -> 3 | AA26: =SUMIF($F$5:$F$104,$P26,$K$5:$K$104) -> 32923.8
A27: =STOCK_ACTUAL!B24 -> SKU00023 | B27: =STOCK_ACTUAL!C24 -> Marca C | C27: =STOCK_ACTUAL!D24 -> Pastillas | D27: =_xlfn.XLOOKUP($A27,ROTACIÓN!$A$2:$A$101,ROTACIÓN!$B$2:$B$101) -> 186 | E27: =_xlfn.XLOOKUP($A27,ROTACIÓN!$A$2:$A$101,ROTACIÓN!$C$2:$C$101) -> C | F27: =STOCK_ACTUAL!E24 -> 2. PISO | G27: =_xlfn.XLOOKUP($F27,LAYOUT_CD!$A$2:$A$10,LAYOUT_CD!$C$2:$C$10) -> 1.6 | H27: =_xlfn.XLOOKUP($F27,LAYOUT_CD!$A$2:$A$10,LAYOUT_CD!$B$2:$B$10) -> 10 | I27: =STOCK_ACTUAL!F24 -> 0.18146509 | J27: =STOCK_ACTUAL!G24 -> 16.241172 | K27: =$D27*$G27 -> 297.6 | L27: =IF($G27>$P$1,"SÍ","NO") -> NO | M27: =IF(AND($E27="A",$L27="SÍ"),"SÍ","NO") -> NO | P27: =LAYOUT_CD!A9 -> 7. MEZANNINE | Q27: =COUNTIF($F$5:$F$104,$P27) -> 10 | R27: =IFERROR(AVERAGEIF($F$5:$F$104,$P27,$D$5:$D$104),0) -> 315.4 | S27: =_xlfn.XLOOKUP($P27,LAYOUT_CD!$A$2:$A$10,LAYOUT_CD!$C$2:$C$10) -> 6.42 | T27: =_xlfn.XLOOKUP($P27,LAYOUT_CD!$A$2:$A$10,LAYOUT_CD!$B$2:$B$10) -> 80 | U27: =SUMIF($F$5:$F$104,$P27,$I$5:$I$104) -> 2.800479 | V27: =_xlfn.XLOOKUP($P27,LAYOUT_CD!$A$2:$A$10,LAYOUT_CD!$D$2:$D$10) -> 350 | W27: =IFERROR($U27/$V27,0) -> 0.0080013687 | X27: =COUNTIFS($F$5:$F$104,$P27,$E$5:$E$104,"A") -> 4 | Y27: =COUNTIFS($F$5:$F$104,$P27,$E$5:$E$104,"B") -> 5 | Z27: =COUNTIFS($F$5:$F$104,$P27,$E$5:$E$104,"C") -> 1 | AA27: =SUMIF($F$5:$F$104,$P27,$K$5:$K$104) -> 20248.68
A28: =STOCK_ACTUAL!B25 -> SKU00024 | B28: =STOCK_ACTUAL!C25 -> Marca D | C28: =STOCK_ACTUAL!D25 -> Correas | D28: =_xlfn.XLOOKUP($A28,ROTACIÓN!$A$2:$A$101,ROTACIÓN!$B$2:$B$101) -> 171 | E28: =_xlfn.XLOOKUP($A28,ROTACIÓN!$A$2:$A$101,ROTACIÓN!$C$2:$C$101) -> C | F28: =STOCK_ACTUAL!E25 -> 4. RACK BALDA | G28: =_xlfn.XLOOKUP($F28,LAYOUT_CD!$A$2:$A$10,LAYOUT_CD!$C$2:$C$10) -> 4.82 | H28: =_xlfn.XLOOKUP($F28,LAYOUT_CD!$A$2:$A$10,LAYOUT_CD!$B$2:$B$10) -> 60 | I28: =STOCK_ACTUAL!F25 -> 0.21486283 | J28: =STOCK_ACTUAL!G25 -> 5.9475703 | K28: =$D28*$G28 -> 824.22 | L28: =IF($G28>$P$1,"SÍ","NO") -> SÍ | M28: =IF(AND($E28="A",$L28="SÍ"),"SÍ","NO") -> NO | P28: =LAYOUT_CD!A10 -> 14. LATERALES | Q28: =COUNTIF($F$5:$F$104,$P28) -> 0 | R28: =IFERROR(AVERAGEIF($F$5:$F$104,$P28,$D$5:$D$104),0) -> 0 | S28: =_xlfn.XLOOKUP($P28,LAYOUT_CD!$A$2:$A$10,LAYOUT_CD!$C$2:$C$10) -> 5.63 | T28: =_xlfn.XLOOKUP($P28,LAYOUT_CD!$A$2:$A$10,LAYOUT_CD!$B$2:$B$10) -> 70 | U28: =SUMIF($F$5:$F$104,$P28,$I$5:$I$104) -> 0 | V28: =_xlfn.XLOOKUP($P28,LAYOUT_CD!$A$2:$A$10,LAYOUT_CD!$D$2:$D$10) -> 220 | W28: =IFERROR($U28/$V28,0) -> 0 | X28: =COUNTIFS($F$5:$F$104,$P28,$E$5:$E$104,"A") -> 0 | Y28: =COUNTIFS($F$5:$F$104,$P28,$E$5:$E$104,"B") -> 0 | Z28: =COUNTIFS($F$5:$F$104,$P28,$E$5:$E$104,"C") -> 0 | AA28: =SUMIF($F$5:$F$104,$P28,$K$5:$K$104) -> 0
A29: =STOCK_ACTUAL!B26 -> SKU00025 | B29: =STOCK_ACTUAL!C26 -> Marca E | C29: =STOCK_ACTUAL!D26 -> Soportes | D29: =_xlfn.XLOOKUP($A29,ROTACIÓN!$A$2:$A$101,ROTACIÓN!$B$2:$B$101) -> 439 | E29: =_xlfn.XLOOKUP($A29,ROTACIÓN!$A$2:$A$101,ROTACIÓN!$C$2:$C$101) -> A | F29: =STOCK_ACTUAL!E26 -> 5. RACK SIMPLE | G29: =_xlfn.XLOOKUP($F29,LAYOUT_CD!$A$2:$A$10,LAYOUT_CD!$C$2:$C$10) -> 5.63 | H29: =_xlfn.XLOOKUP($F29,LAYOUT_CD!$A$2:$A$10,LAYOUT_CD!$B$2:$B$10) -> 65 | I29: =STOCK_ACTUAL!F26 -> 0.25523149 | J29: =STOCK_ACTUAL!G26 -> 11.782791 | K29: =$D29*$G29 -> 2471.57 | L29: =IF($G29>$P$1,"SÍ","NO") -> SÍ | M29: =IF(AND($E29="A",$L29="SÍ"),"SÍ","NO") -> SÍ
A30: =STOCK_ACTUAL!B27 -> SKU00026 | B30: =STOCK_ACTUAL!C27 -> Marca A | C30: =STOCK_ACTUAL!D27 -> Filtros | D30: =_xlfn.XLOOKUP($A30,ROTACIÓN!$A$2:$A$101,ROTACIÓN!$B$2:$B$101) -> 484 | E30: =_xlfn.XLOOKUP($A30,ROTACIÓN!$A$2:$A$101,ROTACIÓN!$C$2:$C$101) -> A | F30: =STOCK_ACTUAL!E27 -> 6. RACK COLGANTES | G30: =_xlfn.XLOOKUP($F30,LAYOUT_CD!$A$2:$A$10,LAYOUT_CD!$C$2:$C$10) -> 3.61 | H30: =_xlfn.XLOOKUP($F30,LAYOUT_CD!$A$2:$A$10,LAYOUT_CD!$B$2:$B$10) -> 45 | I30: =STOCK_ACTUAL!F27 -> 0.40332918 | J30: =STOCK_ACTUAL!G27 -> 21.641836 | K30: =$D30*$G30 -> 1747.24 | L30: =IF($G30>$P$1,"SÍ","NO") -> NO | M30: =IF(AND($E30="A",$L30="SÍ"),"SÍ","NO") -> NO
A31: =STOCK_ACTUAL!B28 -> SKU00027 | B31: =STOCK_ACTUAL!C28 -> Marca B | C31: =STOCK_ACTUAL!D28 -> Lubricantes | D31: =_xlfn.XLOOKUP($A31,ROTACIÓN!$A$2:$A$101,ROTACIÓN!$B$2:$B$101) -> 72 | E31: =_xlfn.XLOOKUP($A31,ROTACIÓN!$A$2:$A$101,ROTACIÓN!$C$2:$C$101) -> C | F31: =STOCK_ACTUAL!E28 -> 10. UBICACIÓN RECIBO | G31: =_xlfn.XLOOKUP($F31,LAYOUT_CD!$A$2:$A$10,LAYOUT_CD!$C$2:$C$10) -> 2.01 | H31: =_xlfn.XLOOKUP($F31,LAYOUT_CD!$A$2:$A$10,LAYOUT_CD!$B$2:$B$10) -> 15 | I31: =STOCK_ACTUAL!F28 -> 0.1398532 | J31: =STOCK_ACTUAL!G28 -> 40.991731 | K31: =$D31*$G31 -> 144.72 | L31: =IF($G31>$P$1,"SÍ","NO") -> NO | M31: =IF(AND($E31="A",$L31="SÍ"),"SÍ","NO") -> NO | P31: T8 — TOP 20 SKU POR ROTACIÓN (PARETO) | Q31: ROTACIÓN | R31: % ACUM. DEL MOVIMIENTO TOTAL | S31: ZONA ACTUAL | T31: TIEMPO (MIN)
A32: =STOCK_ACTUAL!B29 -> SKU00028 | B32: =STOCK_ACTUAL!C29 -> Marca C | C32: =STOCK_ACTUAL!D29 -> Pastillas | D32: =_xlfn.XLOOKUP($A32,ROTACIÓN!$A$2:$A$101,ROTACIÓN!$B$2:$B$101) -> 353 | E32: =_xlfn.XLOOKUP($A32,ROTACIÓN!$A$2:$A$101,ROTACIÓN!$C$2:$C$101) -> A | F32: =STOCK_ACTUAL!E29 -> 2. PISO | G32: =_xlfn.XLOOKUP($F32,LAYOUT_CD!$A$2:$A$10,LAYOUT_CD!$C$2:$C$10) -> 1.6 | H32: =_xlfn.XLOOKUP($F32,LAYOUT_CD!$A$2:$A$10,LAYOUT_CD!$B$2:$B$10) -> 10 | I32: =STOCK_ACTUAL!F29 -> 0.2814055 | J32: =STOCK_ACTUAL!G29 -> 43.106164 | K32: =$D32*$G32 -> 564.8 | L32: =IF($G32>$P$1,"SÍ","NO") -> NO | M32: =IF(AND($E32="A",$L32="SÍ"),"SÍ","NO") -> NO | P32: {=INDEX($A$5:$A$104,MATCH(LARGE($D$5:$D$104-ROW($D$5:$D$104)/100000,ROW()-31),$D$5:$D$104-ROW($D$5:$D$104)/100000,0))} -> SKU00085 | Q32: =LARGE($D$5:$D$104,ROW()-31) -> 496 | R32: =SUM($Q$32:$Q32)/$S$8 -> 0.016649883 | S32: =_xlfn.XLOOKUP($P32,$A$5:$A$104,$F$5:$F$104) -> 10. UBICACIÓN RECIBO | T32: =_xlfn.XLOOKUP($P32,$A$5:$A$104,$G$5:$G$104) -> 2.01
A33: =STOCK_ACTUAL!B30 -> SKU00029 | B33: =STOCK_ACTUAL!C30 -> Marca D | C33: =STOCK_ACTUAL!D30 -> Correas | D33: =_xlfn.XLOOKUP($A33,ROTACIÓN!$A$2:$A$101,ROTACIÓN!$B$2:$B$101) -> 419 | E33: =_xlfn.XLOOKUP($A33,ROTACIÓN!$A$2:$A$101,ROTACIÓN!$C$2:$C$101) -> A | F33: =STOCK_ACTUAL!E30 -> 4. RACK BALDA | G33: =_xlfn.XLOOKUP($F33,LAYOUT_CD!$A$2:$A$10,LAYOUT_CD!$C$2:$C$10) -> 4.82 | H33: =_xlfn.XLOOKUP($F33,LAYOUT_CD!$A$2:$A$10,LAYOUT_CD!$B$2:$B$10) -> 60 | I33: =STOCK_ACTUAL!F30 -> 0.31658656 | J33: =STOCK_ACTUAL!G30 -> 0.84413046 | K33: =$D33*$G33 -> 2019.58 | L33: =IF($G33>$P$1,"SÍ","NO") -> SÍ | M33: =IF(AND($E33="A",$L33="SÍ"),"SÍ","NO") -> SÍ | P33: {=INDEX($A$5:$A$104,MATCH(LARGE($D$5:$D$104-ROW($D$5:$D$104)/100000,ROW()-31),$D$5:$D$104-ROW($D$5:$D$104)/100000,0))} -> SKU00078 | Q33: =LARGE($D$5:$D$104,ROW()-31) -> 485 | R33: =SUM($Q$32:$Q33)/$S$8 -> 0.032930514 | S33: =_xlfn.XLOOKUP($P33,$A$5:$A$104,$F$5:$F$104) -> 1. LLANTAS | T33: =_xlfn.XLOOKUP($P33,$A$5:$A$104,$G$5:$G$104) -> 8.04
A34: =STOCK_ACTUAL!B31 -> SKU00030 | B34: =STOCK_ACTUAL!C31 -> Marca E | C34: =STOCK_ACTUAL!D31 -> Soportes | D34: =_xlfn.XLOOKUP($A34,ROTACIÓN!$A$2:$A$101,ROTACIÓN!$B$2:$B$101) -> 450 | E34: =_xlfn.XLOOKUP($A34,ROTACIÓN!$A$2:$A$101,ROTACIÓN!$C$2:$C$101) -> A | F34: =STOCK_ACTUAL!E31 -> 2. PISO | G34: =_xlfn.XLOOKUP($F34,LAYOUT_CD!$A$2:$A$10,LAYOUT_CD!$C$2:$C$10) -> 1.6 | H34: =_xlfn.XLOOKUP($F34,LAYOUT_CD!$A$2:$A$10,LAYOUT_CD!$B$2:$B$10) -> 10 | I34: =STOCK_ACTUAL!F31 -> 0.070902686 | J34: =STOCK_ACTUAL!G31 -> 25.781991 | K34: =$D34*$G34 -> 720 | L34: =IF($G34>$P$1,"SÍ","NO") -> NO | M34: =IF(AND($E34="A",$L34="SÍ"),"SÍ","NO") -> NO | P34: {=INDEX($A$5:$A$104,MATCH(LARGE($D$5:$D$104-ROW($D$5:$D$104)/100000,ROW()-31),$D$5:$D$104-ROW($D$5:$D$104)/100000,0))} -> SKU00026 | Q34: =LARGE($D$5:$D$104,ROW()-31) -> 484 | R34: =SUM($Q$32:$Q34)/$S$8 -> 0.049177576 | S34: =_xlfn.XLOOKUP($P34,$A$5:$A$104,$F$5:$F$104) -> 6. RACK COLGANTES | T34: =_xlfn.XLOOKUP($P34,$A$5:$A$104,$G$5:$G$104) -> 3.61
A35: =STOCK_ACTUAL!B32 -> SKU00031 | B35: =STOCK_ACTUAL!C32 -> Marca A | C35: =STOCK_ACTUAL!D32 -> Filtros | D35: =_xlfn.XLOOKUP($A35,ROTACIÓN!$A$2:$A$101,ROTACIÓN!$B$2:$B$101) -> 135 | E35: =_xlfn.XLOOKUP($A35,ROTACIÓN!$A$2:$A$101,ROTACIÓN!$C$2:$C$101) -> C | F35: =STOCK_ACTUAL!E32 -> 8. CLUSTER | G35: =_xlfn.XLOOKUP($F35,LAYOUT_CD!$A$2:$A$10,LAYOUT_CD!$C$2:$C$10) -> 4.01 | H35: =_xlfn.XLOOKUP($F35,LAYOUT_CD!$A$2:$A$10,LAYOUT_CD!$B$2:$B$10) -> 50 | I35: =STOCK_ACTUAL!F32 -> 0.32339518 | J35: =STOCK_ACTUAL!G32 -> 21.161845 | K35: =$D35*$G35 -> 541.35 | L35: =IF($G35>$P$1,"SÍ","NO") -> SÍ | M35: =IF(AND($E35="A",$L35="SÍ"),"SÍ","NO") -> NO | P35: {=INDEX($A$5:$A$104,MATCH(LARGE($D$5:$D$104-ROW($D$5:$D$104)/100000,ROW()-31),$D$5:$D$104-ROW($D$5:$D$104)/100000,0))} -> SKU00069 | Q35: =LARGE($D$5:$D$104,ROW()-31) -> 479 | R35: =SUM($Q$32:$Q35)/$S$8 -> 0.065256798 | S35: =_xlfn.XLOOKUP($P35,$A$5:$A$104,$F$5:$F$104) -> 10. UBICACIÓN RECIBO | T35: =_xlfn.XLOOKUP($P35,$A$5:$A$104,$G$5:$G$104) -> 2.01
A36: =STOCK_ACTUAL!B33 -> SKU00032 | B36: =STOCK_ACTUAL!C33 -> Marca B | C36: =STOCK_ACTUAL!D33 -> Lubricantes | D36: =_xlfn.XLOOKUP($A36,ROTACIÓN!$A$2:$A$101,ROTACIÓN!$B$2:$B$101) -> 296 | E36: =_xlfn.XLOOKUP($A36,ROTACIÓN!$A$2:$A$101,ROTACIÓN!$C$2:$C$101) -> B | F36: =STOCK_ACTUAL!E33 -> 2. PISO | G36: =_xlfn.XLOOKUP($F36,LAYOUT_CD!$A$2:$A$10,LAYOUT_CD!$C$2:$C$10) -> 1.6 | H36: =_xlfn.XLOOKUP($F36,LAYOUT_CD!$A$2:$A$10,LAYOUT_CD!$B$2:$B$10) -> 10 | I36: =STOCK_ACTUAL!F33 -> 0.12673586 | J36: =STOCK_ACTUAL!G33 -> 11.494337 | K36: =$D36*$G36 -> 473.6 | L36: =IF($G36>$P$1,"SÍ","NO") -> NO | M36: =IF(AND($E36="A",$L36="SÍ"),"SÍ","NO") -> NO | P36: {=INDEX($A$5:$A$104,MATCH(LARGE($D$5:$D$104-ROW($D$5:$D$104)/100000,ROW()-31),$D$5:$D$104-ROW($D$5:$D$104)/100000,0))} -> SKU00005 | Q36: =LARGE($D$5:$D$104,ROW()-31) -> 465 | R36: =SUM($Q$32:$Q36)/$S$8 -> 0.080866062 | S36: =_xlfn.XLOOKUP($P36,$A$5:$A$104,$F$5:$F$104) -> 2. PISO | T36: =_xlfn.XLOOKUP($P36,$A$5:$A$104,$G$5:$G$104) -> 1.6
A37: =STOCK_ACTUAL!B34 -> SKU00033 | B37: =STOCK_ACTUAL!C34 -> Marca C | C37: =STOCK_ACTUAL!D34 -> Pastillas | D37: =_xlfn.XLOOKUP($A37,ROTACIÓN!$A$2:$A$101,ROTACIÓN!$B$2:$B$101) -> 201 | E37: =_xlfn.XLOOKUP($A37,ROTACIÓN!$A$2:$A$101,ROTACIÓN!$C$2:$C$101) -> C | F37: =STOCK_ACTUAL!E34 -> 2. PISO | G37: =_xlfn.XLOOKUP($F37,LAYOUT_CD!$A$2:$A$10,LAYOUT_CD!$C$2:$C$10) -> 1.6 | H37: =_xlfn.XLOOKUP($F37,LAYOUT_CD!$A$2:$A$10,LAYOUT_CD!$B$2:$B$10) -> 10 | I37: =STOCK_ACTUAL!F34 -> 0.079273217 | J37: =STOCK_ACTUAL!G34 -> 6.4333357 | K37: =$D37*$G37 -> 321.6 | L37: =IF($G37>$P$1,"SÍ","NO") -> NO | M37: =IF(AND($E37="A",$L37="SÍ"),"SÍ","NO") -> NO | P37: {=INDEX($A$5:$A$104,MATCH(LARGE($D$5:$D$104-ROW($D$5:$D$104)/100000,ROW()-31),$D$5:$D$104-ROW($D$5:$D$104)/100000,0))} -> SKU00100 | Q37: =LARGE($D$5:$D$104,ROW()-31) -> 460 | R37: =SUM($Q$32:$Q37)/$S$8 -> 0.096307486 | S37: =_xlfn.XLOOKUP($P37,$A$5:$A$104,$F$5:$F$104) -> 2. PISO | T37: =_xlfn.XLOOKUP($P37,$A$5:$A$104,$G$5:$G$104) -> 1.6
A38: =STOCK_ACTUAL!B35 -> SKU00034 | B38: =STOCK_ACTUAL!C35 -> Marca D | C38: =STOCK_ACTUAL!D35 -> Correas | D38: =_xlfn.XLOOKUP($A38,ROTACIÓN!$A$2:$A$101,ROTACIÓN!$B$2:$B$101) -> 431 | E38: =_xlfn.XLOOKUP($A38,ROTACIÓN!$A$2:$A$101,ROTACIÓN!$C$2:$C$101) -> A | F38: =STOCK_ACTUAL!E35 -> 7. MEZANNINE | G38: =_xlfn.XLOOKUP($F38,LAYOUT_CD!$A$2:$A$10,LAYOUT_CD!$C$2:$C$10) -> 6.42 | H38: =_xlfn.XLOOKUP($F38,LAYOUT_CD!$A$2:$A$10,LAYOUT_CD!$B$2:$B$10) -> 80 | I38: =STOCK_ACTUAL!F35 -> 0.47699849 | J38: =STOCK_ACTUAL!G35 -> 17.211951 | K38: =$D38*$G38 -> 2767.02 | L38: =IF($G38>$P$1,"SÍ","NO") -> SÍ | M38: =IF(AND($E38="A",$L38="SÍ"),"SÍ","NO") -> SÍ | P38: {=INDEX($A$5:$A$104,MATCH(LARGE($D$5:$D$104-ROW($D$5:$D$104)/100000,ROW()-31),$D$5:$D$104-ROW($D$5:$D$104)/100000,0))} -> SKU00062 | Q38: =LARGE($D$5:$D$104,ROW()-31) -> 453 | R38: =SUM($Q$32:$Q38)/$S$8 -> 0.11151393 | S38: =_xlfn.XLOOKUP($P38,$A$5:$A$104,$F$5:$F$104) -> 2. PISO | T38: =_xlfn.XLOOKUP($P38,$A$5:$A$104,$G$5:$G$104) -> 1.6
A39: =STOCK_ACTUAL!B36 -> SKU00035 | B39: =STOCK_ACTUAL!C36 -> Marca E | C39: =STOCK_ACTUAL!D36 -> Soportes | D39: =_xlfn.XLOOKUP($A39,ROTACIÓN!$A$2:$A$101,ROTACIÓN!$B$2:$B$101) -> 448 | E39: =_xlfn.XLOOKUP($A39,ROTACIÓN!$A$2:$A$101,ROTACIÓN!$C$2:$C$101) -> A | F39: =STOCK_ACTUAL!E36 -> 5. RACK SIMPLE | G39: =_xlfn.XLOOKUP($F39,LAYOUT_CD!$A$2:$A$10,LAYOUT_CD!$C$2:$C$10) -> 5.63 | H39: =_xlfn.XLOOKUP($F39,LAYOUT_CD!$A$2:$A$10,LAYOUT_CD!$B$2:$B$10) -> 65 | I39: =STOCK_ACTUAL!F36 -> 0.48453441 | J39: =STOCK_ACTUAL!G36 -> 47.17403 | K39: =$D39*$G39 -> 2522.24 | L39: =IF($G39>$P$1,"SÍ","NO") -> SÍ | M39: =IF(AND($E39="A",$L39="SÍ"),"SÍ","NO") -> SÍ | P39: {=INDEX($A$5:$A$104,MATCH(LARGE($D$5:$D$104-ROW($D$5:$D$104)/100000,ROW()-31),$D$5:$D$104-ROW($D$5:$D$104)/100000,0))} -> SKU00054 | Q39: =LARGE($D$5:$D$104,ROW()-31) -> 452 | R39: =SUM($Q$32:$Q39)/$S$8 -> 0.12668681 | S39: =_xlfn.XLOOKUP($P39,$A$5:$A$104,$F$5:$F$104) -> 5. RACK SIMPLE | T39: =_xlfn.XLOOKUP($P39,$A$5:$A$104,$G$5:$G$104) -> 5.63
A40: =STOCK_ACTUAL!B37 -> SKU00036 | B40: =STOCK_ACTUAL!C37 -> Marca A | C40: =STOCK_ACTUAL!D37 -> Filtros | D40: =_xlfn.XLOOKUP($A40,ROTACIÓN!$A$2:$A$101,ROTACIÓN!$B$2:$B$101) -> 338 | E40: =_xlfn.XLOOKUP($A40,ROTACIÓN!$A$2:$A$101,ROTACIÓN!$C$2:$C$101) -> B | F40: =STOCK_ACTUAL!E37 -> 8. CLUSTER | G40: =_xlfn.XLOOKUP($F40,LAYOUT_CD!$A$2:$A$10,LAYOUT_CD!$C$2:$C$10) -> 4.01 | H40: =_xlfn.XLOOKUP($F40,LAYOUT_CD!$A$2:$A$10,LAYOUT_CD!$B$2:$B$10) -> 50 | I40: =STOCK_ACTUAL!F37 -> 0.41377881 | J40: =STOCK_ACTUAL!G37 -> 16.498545 | K40: =$D40*$G40 -> 1355.38 | L40: =IF($G40>$P$1,"SÍ","NO") -> SÍ | M40: =IF(AND($E40="A",$L40="SÍ"),"SÍ","NO") -> NO | P40: {=INDEX($A$5:$A$104,MATCH(LARGE($D$5:$D$104-ROW($D$5:$D$104)/100000,ROW()-31),$D$5:$D$104-ROW($D$5:$D$104)/100000,0))} -> SKU00018 | Q40: =LARGE($D$5:$D$104,ROW()-31) -> 451 | R40: =SUM($Q$32:$Q40)/$S$8 -> 0.14182612 | S40: =_xlfn.XLOOKUP($P40,$A$5:$A$104,$F$5:$F$104) -> 2. PISO | T40: =_xlfn.XLOOKUP($P40,$A$5:$A$104,$G$5:$G$104) -> 1.6
A41: =STOCK_ACTUAL!B38 -> SKU00037 | B41: =STOCK_ACTUAL!C38 -> Marca B | C41: =STOCK_ACTUAL!D38 -> Lubricantes | D41: =_xlfn.XLOOKUP($A41,ROTACIÓN!$A$2:$A$101,ROTACIÓN!$B$2:$B$101) -> 294 | E41: =_xlfn.XLOOKUP($A41,ROTACIÓN!$A$2:$A$101,ROTACIÓN!$C$2:$C$101) -> B | F41: =STOCK_ACTUAL!E38 -> 7. MEZANNINE | G41: =_xlfn.XLOOKUP($F41,LAYOUT_CD!$A$2:$A$10,LAYOUT_CD!$C$2:$C$10) -> 6.42 | H41: =_xlfn.XLOOKUP($F41,LAYOUT_CD!$A$2:$A$10,LAYOUT_CD!$B$2:$B$10) -> 80 | I41: =STOCK_ACTUAL!F38 -> 0.1870762 | J41: =STOCK_ACTUAL!G38 -> 26.180136 | K41: =$D41*$G41 -> 1887.48 | L41: =IF($G41>$P$1,"SÍ","NO") -> SÍ | M41: =IF(AND($E41="A",$L41="SÍ"),"SÍ","NO") -> NO | P41: {=INDEX($A$5:$A$104,MATCH(LARGE($D$5:$D$104-ROW($D$5:$D$104)/100000,ROW()-31),$D$5:$D$104-ROW($D$5:$D$104)/100000,0))} -> SKU00030 | Q41: =LARGE($D$5:$D$104,ROW()-31) -> 450 | R41: =SUM($Q$32:$Q41)/$S$8 -> 0.15693186 | S41: =_xlfn.XLOOKUP($P41,$A$5:$A$104,$F$5:$F$104) -> 2. PISO | T41: =_xlfn.XLOOKUP($P41,$A$5:$A$104,$G$5:$G$104) -> 1.6
A42: =STOCK_ACTUAL!B39 -> SKU00038 | B42: =STOCK_ACTUAL!C39 -> Marca C | C42: =STOCK_ACTUAL!D39 -> Pastillas | D42: =_xlfn.XLOOKUP($A42,ROTACIÓN!$A$2:$A$101,ROTACIÓN!$B$2:$B$101) -> 74 | E42: =_xlfn.XLOOKUP($A42,ROTACIÓN!$A$2:$A$101,ROTACIÓN!$C$2:$C$101) -> C | F42: =STOCK_ACTUAL!E39 -> 6. RACK COLGANTES | G42: =_xlfn.XLOOKUP($F42,LAYOUT_CD!$A$2:$A$10,LAYOUT_CD!$C$2:$C$10) -> 3.61 | H42: =_xlfn.XLOOKUP($F42,LAYOUT_CD!$A$2:$A$10,LAYOUT_CD!$B$2:$B$10) -> 45 | I42: =STOCK_ACTUAL!F39 -> 0.093952451 | J42: =STOCK_ACTUAL!G39 -> 35.299438 | K42: =$D42*$G42 -> 267.14 | L42: =IF($G42>$P$1,"SÍ","NO") -> NO | M42: =IF(AND($E42="A",$L42="SÍ"),"SÍ","NO") -> NO | P42: {=INDEX($A$5:$A$104,MATCH(LARGE($D$5:$D$104-ROW($D$5:$D$104)/100000,ROW()-31),$D$5:$D$104-ROW($D$5:$D$104)/100000,0))} -> SKU00035 | Q42: =LARGE($D$5:$D$104,ROW()-31) -> 448 | R42: =SUM($Q$32:$Q42)/$S$8 -> 0.17197046 | S42: =_xlfn.XLOOKUP($P42,$A$5:$A$104,$F$5:$F$104) -> 5. RACK SIMPLE | T42: =_xlfn.XLOOKUP($P42,$A$5:$A$104,$G$5:$G$104) -> 5.63
A43: =STOCK_ACTUAL!B40 -> SKU00039 | B43: =STOCK_ACTUAL!C40 -> Marca D | C43: =STOCK_ACTUAL!D40 -> Correas | D43: =_xlfn.XLOOKUP($A43,ROTACIÓN!$A$2:$A$101,ROTACIÓN!$B$2:$B$101) -> 314 | E43: =_xlfn.XLOOKUP($A43,ROTACIÓN!$A$2:$A$101,ROTACIÓN!$C$2:$C$101) -> B | F43: =STOCK_ACTUAL!E40 -> 5. RACK SIMPLE | G43: =_xlfn.XLOOKUP($F43,LAYOUT_CD!$A$2:$A$10,LAYOUT_CD!$C$2:$C$10) -> 5.63 | H43: =_xlfn.XLOOKUP($F43,LAYOUT_CD!$A$2:$A$10,LAYOUT_CD!$B$2:$B$10) -> 65 | I43: =STOCK_ACTUAL!F40 -> 0.35790486 | J43: =STOCK_ACTUAL!G40 -> 18.499665 | K43: =$D43*$G43 -> 1767.82 | L43: =IF($G43>$P$1,"SÍ","NO") -> SÍ | M43: =IF(AND($E43="A",$L43="SÍ"),"SÍ","NO") -> NO | P43: {=INDEX($A$5:$A$104,MATCH(LARGE($D$5:$D$104-ROW($D$5:$D$104)/100000,ROW()-31),$D$5:$D$104-ROW($D$5:$D$104)/100000,0))} -> SKU00025 | Q43: =LARGE($D$5:$D$104,ROW()-31) -> 439 | R43: =SUM($Q$32:$Q43)/$S$8 -> 0.18670695 | S43: =_xlfn.XLOOKUP($P43,$A$5:$A$104,$F$5:$F$104) -> 5. RACK SIMPLE | T43: =_xlfn.XLOOKUP($P43,$A$5:$A$104,$G$5:$G$104) -> 5.63
... A51: =STOCK_ACTUAL!B48 -> SKU00047 | B51: =STOCK_ACTUAL!C48 -> Marca B | C51: =STOCK_ACTUAL!D48 -> Lubricantes | D51: =_xlfn.XLOOKUP($A51,ROTACIÓN!$A$2:$A$101,ROTACIÓN!$B$2:$B$101) -> 406 | E51: =_xlfn.XLOOKUP($A51,ROTACIÓN!$A$2:$A$101,ROTACIÓN!$C$2:$C$101) -> A | F51: =STOCK_ACTUAL!E48 -> 10. UBICACIÓN RECIBO | G51: =_xlfn.XLOOKUP($F51,LAYOUT_CD!$A$2:$A$10,LAYOUT_CD!$C$2:$C$10) -> 2.01 | H51: =_xlfn.XLOOKUP($F51,LAYOUT_CD!$A$2:$A$10,LAYOUT_CD!$B$2:$B$10) -> 15 | I51: =STOCK_ACTUAL!F48 -> 0.19026998 | J51: =STOCK_ACTUAL!G48 -> 30.673435 | K51: =$D51*$G51 -> 816.06 | L51: =IF($G51>$P$1,"SÍ","NO") -> NO | M51: =IF(AND($E51="A",$L51="SÍ"),"SÍ","NO") -> NO | P51: {=INDEX($A$5:$A$104,MATCH(LARGE($D$5:$D$104-ROW($D$5:$D$104)/100000,ROW()-31),$D$5:$D$104-ROW($D$5:$D$104)/100000,0))} -> SKU00001 | Q51: =LARGE($D$5:$D$104,ROW()-31) -> 422 | R51: =SUM($Q$32:$Q51)/$S$8 -> 0.30161128 | S51: =_xlfn.XLOOKUP($P51,$A$5:$A$104,$F$5:$F$104) -> 2. PISO | T51: =_xlfn.XLOOKUP($P51,$A$5:$A$104,$G$5:$G$104) -> 1.6
A52: =STOCK_ACTUAL!B49 -> SKU00048 | B52: =STOCK_ACTUAL!C49 -> Marca C | C52: =STOCK_ACTUAL!D49 -> Pastillas | D52: =_xlfn.XLOOKUP($A52,ROTACIÓN!$A$2:$A$101,ROTACIÓN!$B$2:$B$101) -> 61 | E52: =_xlfn.XLOOKUP($A52,ROTACIÓN!$A$2:$A$101,ROTACIÓN!$C$2:$C$101) -> C | F52: =STOCK_ACTUAL!E49 -> 2. PISO | G52: =_xlfn.XLOOKUP($F52,LAYOUT_CD!$A$2:$A$10,LAYOUT_CD!$C$2:$C$10) -> 1.6 | H52: =_xlfn.XLOOKUP($F52,LAYOUT_CD!$A$2:$A$10,LAYOUT_CD!$B$2:$B$10) -> 10 | I52: =STOCK_ACTUAL!F49 -> 0.28403061 | J52: =STOCK_ACTUAL!G49 -> 25.382612 | K52: =$D52*$G52 -> 97.6 | L52: =IF($G52>$P$1,"SÍ","NO") -> NO | M52: =IF(AND($E52="A",$L52="SÍ"),"SÍ","NO") -> NO
A53: =STOCK_ACTUAL!B50 -> SKU00049 | B53: =STOCK_ACTUAL!C50 -> Marca D | C53: =STOCK_ACTUAL!D50 -> Correas | D53: =_xlfn.XLOOKUP($A53,ROTACIÓN!$A$2:$A$101,ROTACIÓN!$B$2:$B$101) -> 315 | E53: =_xlfn.XLOOKUP($A53,ROTACIÓN!$A$2:$A$101,ROTACIÓN!$C$2:$C$101) -> B | F53: =STOCK_ACTUAL!E50 -> 1. LLANTAS | G53: =_xlfn.XLOOKUP($F53,LAYOUT_CD!$A$2:$A$10,LAYOUT_CD!$C$2:$C$10) -> 8.04 | H53: =_xlfn.XLOOKUP($F53,LAYOUT_CD!$A$2:$A$10,LAYOUT_CD!$B$2:$B$10) -> 100 | I53: =STOCK_ACTUAL!F50 -> 0.29601963 | J53: =STOCK_ACTUAL!G50 -> 3.0481982 | K53: =$D53*$G53 -> 2532.6 | L53: =IF($G53>$P$1,"SÍ","NO") -> SÍ | M53: =IF(AND($E53="A",$L53="SÍ"),"SÍ","NO") -> NO
A54: =STOCK_ACTUAL!B51 -> SKU00050 | B54: =STOCK_ACTUAL!C51 -> Marca E | C54: =STOCK_ACTUAL!D51 -> Soportes | D54: =_xlfn.XLOOKUP($A54,ROTACIÓN!$A$2:$A$101,ROTACIÓN!$B$2:$B$101) -> 363 | E54: =_xlfn.XLOOKUP($A54,ROTACIÓN!$A$2:$A$101,ROTACIÓN!$C$2:$C$101) -> A | F54: =STOCK_ACTUAL!E51 -> 2. PISO | G54: =_xlfn.XLOOKUP($F54,LAYOUT_CD!$A$2:$A$10,LAYOUT_CD!$C$2:$C$10) -> 1.6 | H54: =_xlfn.XLOOKUP($F54,LAYOUT_CD!$A$2:$A$10,LAYOUT_CD!$B$2:$B$10) -> 10 | I54: =STOCK_ACTUAL!F51 -> 0.1331845 | J54: =STOCK_ACTUAL!G51 -> 14.293 | K54: =$D54*$G54 -> 580.8 | L54: =IF($G54>$P$1,"SÍ","NO") -> NO | M54: =IF(AND($E54="A",$L54="SÍ"),"SÍ","NO") -> NO | P54: T9 — CANDIDATOS DE RESLOTTING: SKU CLASE A EN ZONAS LEJANAS
A55: =STOCK_ACTUAL!B52 -> SKU00051 | B55: =STOCK_ACTUAL!C52 -> Marca A | C55: =STOCK_ACTUAL!D52 -> Filtros | D55: =_xlfn.XLOOKUP($A55,ROTACIÓN!$A$2:$A$101,ROTACIÓN!$B$2:$B$101) -> 423 | E55: =_xlfn.XLOOKUP($A55,ROTACIÓN!$A$2:$A$101,ROTACIÓN!$C$2:$C$101) -> A | F55: =STOCK_ACTUAL!E52 -> 4. RACK BALDA | G55: =_xlfn.XLOOKUP($F55,LAYOUT_CD!$A$2:$A$10,LAYOUT_CD!$C$2:$C$10) -> 4.82 | H55: =_xlfn.XLOOKUP($F55,LAYOUT_CD!$A$2:$A$10,LAYOUT_CD!$B$2:$B$10) -> 60 | I55: =STOCK_ACTUAL!F52 -> 0.48631308 | J55: =STOCK_ACTUAL!G52 -> 45.459161 | K55: =$D55*$G55 -> 2038.86 | L55: =IF($G55>$P$1,"SÍ","NO") -> SÍ | M55: =IF(AND($E55="A",$L55="SÍ"),"SÍ","NO") -> SÍ | P55: Zonas evaluadas: LLANTAS, MEZANNINE, RACK SIMPLE, RACK BALDA
A56: =STOCK_ACTUAL!B53 -> SKU00052 | B56: =STOCK_ACTUAL!C53 -> Marca B | C56: =STOCK_ACTUAL!D53 -> Lubricantes | D56: =_xlfn.XLOOKUP($A56,ROTACIÓN!$A$2:$A$101,ROTACIÓN!$B$2:$B$101) -> 227 | E56: =_xlfn.XLOOKUP($A56,ROTACIÓN!$A$2:$A$101,ROTACIÓN!$C$2:$C$101) -> B | F56: =STOCK_ACTUAL!E53 -> 5. RACK SIMPLE | G56: =_xlfn.XLOOKUP($F56,LAYOUT_CD!$A$2:$A$10,LAYOUT_CD!$C$2:$C$10) -> 5.63 | H56: =_xlfn.XLOOKUP($F56,LAYOUT_CD!$A$2:$A$10,LAYOUT_CD!$B$2:$B$10) -> 65 | I56: =STOCK_ACTUAL!F53 -> 0.39880977 | J56: =STOCK_ACTUAL!G53 -> 12.358314 | K56: =$D56*$G56 -> 1278.01 | L56: =IF($G56>$P$1,"SÍ","NO") -> SÍ | M56: =IF(AND($E56="A",$L56="SÍ"),"SÍ","NO") -> NO | P56: SKU | Q56: ROTACIÓN | R56: ZONA ACTUAL | S56: TIEMPO ACTUAL (MIN) | T56: FAMILIA | U56: MIN-PICK ACTUAL | V56: MIN-PICK SI PASA A PISO | W56: AHORRO POTENCIAL (MIN)
A57: =STOCK_ACTUAL!B54 -> SKU00053 | B57: =STOCK_ACTUAL!C54 -> Marca C | C57: =STOCK_ACTUAL!D54 -> Pastillas | D57: =_xlfn.XLOOKUP($A57,ROTACIÓN!$A$2:$A$101,ROTACIÓN!$B$2:$B$101) -> 382 | E57: =_xlfn.XLOOKUP($A57,ROTACIÓN!$A$2:$A$101,ROTACIÓN!$C$2:$C$101) -> A | F57: =STOCK_ACTUAL!E54 -> 6. RACK COLGANTES | G57: =_xlfn.XLOOKUP($F57,LAYOUT_CD!$A$2:$A$10,LAYOUT_CD!$C$2:$C$10) -> 3.61 | H57: =_xlfn.XLOOKUP($F57,LAYOUT_CD!$A$2:$A$10,LAYOUT_CD!$B$2:$B$10) -> 45 | I57: =STOCK_ACTUAL!F54 -> 0.47277452 | J57: =STOCK_ACTUAL!G54 -> 7.6722962 | K57: =$D57*$G57 -> 1379.02 | L57: =IF($G57>$P$1,"SÍ","NO") -> NO | M57: =IF(AND($E57="A",$L57="SÍ"),"SÍ","NO") -> NO | P57: {=IFERROR(INDEX($A$5:$A$104,SMALL(IF(($E$5:$E$104="A")*(ISNUMBER(MATCH($F$5:$F$104,{"1. LLANTAS";"7. MEZANNINE";"5. RACK SIMPLE";"4. RACK BALDA"},0))),ROW($A$5:$A$104)-4),ROW()-56)),"")} -> SKU00009 | Q57: =IFERROR(_xlfn.XLOOKUP($P57,$A$5:$A$104,$D$5:$D$104),"") -> 432 | R57: =IFERROR(_xlfn.XLOOKUP($P57,$A$5:$A$104,$F$5:$F$104),"") -> 4. RACK BALDA | S57: =IFERROR(_xlfn.XLOOKUP($P57,$A$5:$A$104,$G$5:$G$104),"") -> 4.82 | T57: =IFERROR(_xlfn.XLOOKUP($P57,$A$5:$A$104,$C$5:$C$104),"") -> Correas | U57: =IFERROR($Q57*$S57,"") -> 2082.24 | V57: =IFERROR($Q57*$S$20,"") -> 691.2 | W57: =IFERROR($U57-$V57,"") -> 1391.04
A58: =STOCK_ACTUAL!B55 -> SKU00054 | B58: =STOCK_ACTUAL!C55 -> Marca D | C58: =STOCK_ACTUAL!D55 -> Correas | D58: =_xlfn.XLOOKUP($A58,ROTACIÓN!$A$2:$A$101,ROTACIÓN!$B$2:$B$101) -> 452 | E58: =_xlfn.XLOOKUP($A58,ROTACIÓN!$A$2:$A$101,ROTACIÓN!$C$2:$C$101) -> A | F58: =STOCK_ACTUAL!E55 -> 5. RACK SIMPLE | G58: =_xlfn.XLOOKUP($F58,LAYOUT_CD!$A$2:$A$10,LAYOUT_CD!$C$2:$C$10) -> 5.63 | H58: =_xlfn.XLOOKUP($F58,LAYOUT_CD!$A$2:$A$10,LAYOUT_CD!$B$2:$B$10) -> 65 | I58: =STOCK_ACTUAL!F55 -> 0.45267231 | J58: =STOCK_ACTUAL!G55 -> 24.727912 | K58: =$D58*$G58 -> 2544.76 | L58: =IF($G58>$P$1,"SÍ","NO") -> SÍ | M58: =IF(AND($E58="A",$L58="SÍ"),"SÍ","NO") -> SÍ | P58: {=IFERROR(INDEX($A$5:$A$104,SMALL(IF(($E$5:$E$104="A")*(ISNUMBER(MATCH($F$5:$F$104,{"1. LLANTAS";"7. MEZANNINE";"5. RACK SIMPLE";"4. RACK BALDA"},0))),ROW($A$5:$A$104)-4),ROW()-56)),"")} -> SKU00013 | Q58: =IFERROR(_xlfn.XLOOKUP($P58,$A$5:$A$104,$D$5:$D$104),"") -> 398 | R58: =IFERROR(_xlfn.XLOOKUP($P58,$A$5:$A$104,$F$5:$F$104),"") -> 5. RACK SIMPLE | S58: =IFERROR(_xlfn.XLOOKUP($P58,$A$5:$A$104,$G$5:$G$104),"") -> 5.63 | T58: =IFERROR(_xlfn.XLOOKUP($P58,$A$5:$A$104,$C$5:$C$104),"") -> Pastillas | U58: =IFERROR($Q58*$S58,"") -> 2240.74 | V58: =IFERROR($Q58*$S$20,"") -> 636.8 | W58: =IFERROR($U58-$V58,"") -> 1603.94
A59: =STOCK_ACTUAL!B56 -> SKU00055 | B59: =STOCK_ACTUAL!C56 -> Marca E | C59: =STOCK_ACTUAL!D56 -> Soportes | D59: =_xlfn.XLOOKUP($A59,ROTACIÓN!$A$2:$A$101,ROTACIÓN!$B$2:$B$101) -> 332 | E59: =_xlfn.XLOOKUP($A59,ROTACIÓN!$A$2:$A$101,ROTACIÓN!$C$2:$C$101) -> B | F59: =STOCK_ACTUAL!E56 -> 5. RACK SIMPLE | G59: =_xlfn.XLOOKUP($F59,LAYOUT_CD!$A$2:$A$10,LAYOUT_CD!$C$2:$C$10) -> 5.63 | H59: =_xlfn.XLOOKUP($F59,LAYOUT_CD!$A$2:$A$10,LAYOUT_CD!$B$2:$B$10) -> 65 | I59: =STOCK_ACTUAL!F56 -> 0.31905499 | J59: =STOCK_ACTUAL!G56 -> 49.289697 | K59: =$D59*$G59 -> 1869.16 | L59: =IF($G59>$P$1,"SÍ","NO") -> SÍ | M59: =IF(AND($E59="A",$L59="SÍ"),"SÍ","NO") -> NO | P59: {=IFERROR(INDEX($A$5:$A$104,SMALL(IF(($E$5:$E$104="A")*(ISNUMBER(MATCH($F$5:$F$104,{"1. LLANTAS";"7. MEZANNINE";"5. RACK SIMPLE";"4. RACK BALDA"},0))),ROW($A$5:$A$104)-4),ROW()-56)),"")} -> SKU00025 | Q59: =IFERROR(_xlfn.XLOOKUP($P59,$A$5:$A$104,$D$5:$D$104),"") -> 439 | R59: =IFERROR(_xlfn.XLOOKUP($P59,$A$5:$A$104,$F$5:$F$104),"") -> 5. RACK SIMPLE | S59: =IFERROR(_xlfn.XLOOKUP($P59,$A$5:$A$104,$G$5:$G$104),"") -> 5.63 | T59: =IFERROR(_xlfn.XLOOKUP($P59,$A$5:$A$104,$C$5:$C$104),"") -> Soportes | U59: =IFERROR($Q59*$S59,"") -> 2471.57 | V59: =IFERROR($Q59*$S$20,"") -> 702.4 | W59: =IFERROR($U59-$V59,"") -> 1769.17
A60: =STOCK_ACTUAL!B57 -> SKU00056 | B60: =STOCK_ACTUAL!C57 -> Marca A | C60: =STOCK_ACTUAL!D57 -> Filtros | D60: =_xlfn.XLOOKUP($A60,ROTACIÓN!$A$2:$A$101,ROTACIÓN!$B$2:$B$101) -> 210 | E60: =_xlfn.XLOOKUP($A60,ROTACIÓN!$A$2:$A$101,ROTACIÓN!$C$2:$C$101) -> B | F60: =STOCK_ACTUAL!E57 -> 4. RACK BALDA | G60: =_xlfn.XLOOKUP($F60,LAYOUT_CD!$A$2:$A$10,LAYOUT_CD!$C$2:$C$10) -> 4.82 | H60: =_xlfn.XLOOKUP($F60,LAYOUT_CD!$A$2:$A$10,LAYOUT_CD!$B$2:$B$10) -> 60 | I60: =STOCK_ACTUAL!F57 -> 0.46484341 | J60: =STOCK_ACTUAL!G57 -> 12.481736 | K60: =$D60*$G60 -> 1012.2 | L60: =IF($G60>$P$1,"SÍ","NO") -> SÍ | M60: =IF(AND($E60="A",$L60="SÍ"),"SÍ","NO") -> NO | P60: {=IFERROR(INDEX($A$5:$A$104,SMALL(IF(($E$5:$E$104="A")*(ISNUMBER(MATCH($F$5:$F$104,{"1. LLANTAS";"7. MEZANNINE";"5. RACK SIMPLE";"4. RACK BALDA"},0))),ROW($A$5:$A$104)-4),ROW()-56)),"")} -> SKU00029 | Q60: =IFERROR(_xlfn.XLOOKUP($P60,$A$5:$A$104,$D$5:$D$104),"") -> 419 | R60: =IFERROR(_xlfn.XLOOKUP($P60,$A$5:$A$104,$F$5:$F$104),"") -> 4. RACK BALDA | S60: =IFERROR(_xlfn.XLOOKUP($P60,$A$5:$A$104,$G$5:$G$104),"") -> 4.82 | T60: =IFERROR(_xlfn.XLOOKUP($P60,$A$5:$A$104,$C$5:$C$104),"") -> Correas | U60: =IFERROR($Q60*$S60,"") -> 2019.58 | V60: =IFERROR($Q60*$S$20,"") -> 670.4 | W60: =IFERROR($U60-$V60,"") -> 1349.18
A61: =STOCK_ACTUAL!B58 -> SKU00057 | B61: =STOCK_ACTUAL!C58 -> Marca B | C61: =STOCK_ACTUAL!D58 -> Lubricantes | D61: =_xlfn.XLOOKUP($A61,ROTACIÓN!$A$2:$A$101,ROTACIÓN!$B$2:$B$101) -> 207 | E61: =_xlfn.XLOOKUP($A61,ROTACIÓN!$A$2:$A$101,ROTACIÓN!$C$2:$C$101) -> B | F61: =STOCK_ACTUAL!E58 -> 6. RACK COLGANTES | G61: =_xlfn.XLOOKUP($F61,LAYOUT_CD!$A$2:$A$10,LAYOUT_CD!$C$2:$C$10) -> 3.61 | H61: =_xlfn.XLOOKUP($F61,LAYOUT_CD!$A$2:$A$10,LAYOUT_CD!$B$2:$B$10) -> 45 | I61: =STOCK_ACTUAL!F58 -> 0.089821626 | J61: =STOCK_ACTUAL!G58 -> 33.77071 | K61: =$D61*$G61 -> 747.27 | L61: =IF($G61>$P$1,"SÍ","NO") -> NO | M61: =IF(AND($E61="A",$L61="SÍ"),"SÍ","NO") -> NO | P61: {=IFERROR(INDEX($A$5:$A$104,SMALL(IF(($E$5:$E$104="A")*(ISNUMBER(MATCH($F$5:$F$104,{"1. LLANTAS";"7. MEZANNINE";"5. RACK SIMPLE";"4. RACK BALDA"},0))),ROW($A$5:$A$104)-4),ROW()-56)),"")} -> SKU00034 | Q61: =IFERROR(_xlfn.XLOOKUP($P61,$A$5:$A$104,$D$5:$D$104),"") -> 431 | R61: =IFERROR(_xlfn.XLOOKUP($P61,$A$5:$A$104,$F$5:$F$104),"") -> 7. MEZANNINE | S61: =IFERROR(_xlfn.XLOOKUP($P61,$A$5:$A$104,$G$5:$G$104),"") -> 6.42 | T61: =IFERROR(_xlfn.XLOOKUP($P61,$A$5:$A$104,$C$5:$C$104),"") -> Correas | U61: =IFERROR($Q61*$S61,"") -> 2767.02 | V61: =IFERROR($Q61*$S$20,"") -> 689.6 | W61: =IFERROR($U61-$V61,"") -> 2077.42
A62: =STOCK_ACTUAL!B59 -> SKU00058 | B62: =STOCK_ACTUAL!C59 -> Marca C | C62: =STOCK_ACTUAL!D59 -> Pastillas | D62: =_xlfn.XLOOKUP($A62,ROTACIÓN!$A$2:$A$101,ROTACIÓN!$B$2:$B$101) -> 135 | E62: =_xlfn.XLOOKUP($A62,ROTACIÓN!$A$2:$A$101,ROTACIÓN!$C$2:$C$101) -> C | F62: =STOCK_ACTUAL!E59 -> 10. UBICACIÓN RECIBO | G62: =_xlfn.XLOOKUP($F62,LAYOUT_CD!$A$2:$A$10,LAYOUT_CD!$C$2:$C$10) -> 2.01 | H62: =_xlfn.XLOOKUP($F62,LAYOUT_CD!$A$2:$A$10,LAYOUT_CD!$B$2:$B$10) -> 15 | I62: =STOCK_ACTUAL!F59 -> 0.13819229 | J62: =STOCK_ACTUAL!G59 -> 38.200171 | K62: =$D62*$G62 -> 271.35 | L62: =IF($G62>$P$1,"SÍ","NO") -> NO | M62: =IF(AND($E62="A",$L62="SÍ"),"SÍ","NO") -> NO | P62: {=IFERROR(INDEX($A$5:$A$104,SMALL(IF(($E$5:$E$104="A")*(ISNUMBER(MATCH($F$5:$F$104,{"1. LLANTAS";"7. MEZANNINE";"5. RACK SIMPLE";"4. RACK BALDA"},0))),ROW($A$5:$A$104)-4),ROW()-56)),"")} -> SKU00035 | Q62: =IFERROR(_xlfn.XLOOKUP($P62,$A$5:$A$104,$D$5:$D$104),"") -> 448 | R62: =IFERROR(_xlfn.XLOOKUP($P62,$A$5:$A$104,$F$5:$F$104),"") -> 5. RACK SIMPLE | S62: =IFERROR(_xlfn.XLOOKUP($P62,$A$5:$A$104,$G$5:$G$104),"") -> 5.63 | T62: =IFERROR(_xlfn.XLOOKUP($P62,$A$5:$A$104,$C$5:$C$104),"") -> Soportes | U62: =IFERROR($Q62*$S62,"") -> 2522.24 | V62: =IFERROR($Q62*$S$20,"") -> 716.8 | W62: =IFERROR($U62-$V62,"") -> 1805.44
A63: =STOCK_ACTUAL!B60 -> SKU00059 | B63: =STOCK_ACTUAL!C60 -> Marca D | C63: =STOCK_ACTUAL!D60 -> Correas | D63: =_xlfn.XLOOKUP($A63,ROTACIÓN!$A$2:$A$101,ROTACIÓN!$B$2:$B$101) -> 426 | E63: =_xlfn.XLOOKUP($A63,ROTACIÓN!$A$2:$A$101,ROTACIÓN!$C$2:$C$101) -> A | F63: =STOCK_ACTUAL!E60 -> 2. PISO | G63: =_xlfn.XLOOKUP($F63,LAYOUT_CD!$A$2:$A$10,LAYOUT_CD!$C$2:$C$10) -> 1.6 | H63: =_xlfn.XLOOKUP($F63,LAYOUT_CD!$A$2:$A$10,LAYOUT_CD!$B$2:$B$10) -> 10 | I63: =STOCK_ACTUAL!F60 -> 0.07035228 | J63: =STOCK_ACTUAL!G60 -> 12.263058 | K63: =$D63*$G63 -> 681.6 | L63: =IF($G63>$P$1,"SÍ","NO") -> NO | M63: =IF(AND($E63="A",$L63="SÍ"),"SÍ","NO") -> NO | P63: {=IFERROR(INDEX($A$5:$A$104,SMALL(IF(($E$5:$E$104="A")*(ISNUMBER(MATCH($F$5:$F$104,{"1. LLANTAS";"7. MEZANNINE";"5. RACK SIMPLE";"4. RACK BALDA"},0))),ROW($A$5:$A$104)-4),ROW()-56)),"")} -> SKU00044 | Q63: =IFERROR(_xlfn.XLOOKUP($P63,$A$5:$A$104,$D$5:$D$104),"") -> 425 | R63: =IFERROR(_xlfn.XLOOKUP($P63,$A$5:$A$104,$F$5:$F$104),"") -> 5. RACK SIMPLE | S63: =IFERROR(_xlfn.XLOOKUP($P63,$A$5:$A$104,$G$5:$G$104),"") -> 5.63 | T63: =IFERROR(_xlfn.XLOOKUP($P63,$A$5:$A$104,$C$5:$C$104),"") -> Correas | U63: =IFERROR($Q63*$S63,"") -> 2392.75 | V63: =IFERROR($Q63*$S$20,"") -> 680 | W63: =IFERROR($U63-$V63,"") -> 1712.75
A64: =STOCK_ACTUAL!B61 -> SKU00060 | B64: =STOCK_ACTUAL!C61 -> Marca E | C64: =STOCK_ACTUAL!D61 -> Soportes | D64: =_xlfn.XLOOKUP($A64,ROTACIÓN!$A$2:$A$101,ROTACIÓN!$B$2:$B$101) -> 250 | E64: =_xlfn.XLOOKUP($A64,ROTACIÓN!$A$2:$A$101,ROTACIÓN!$C$2:$C$101) -> B | F64: =STOCK_ACTUAL!E61 -> 2. PISO | G64: =_xlfn.XLOOKUP($F64,LAYOUT_CD!$A$2:$A$10,LAYOUT_CD!$C$2:$C$10) -> 1.6 | H64: =_xlfn.XLOOKUP($F64,LAYOUT_CD!$A$2:$A$10,LAYOUT_CD!$B$2:$B$10) -> 10 | I64: =STOCK_ACTUAL!F61 -> 0.19639865 | J64: =STOCK_ACTUAL!G61 -> 36.546709 | K64: =$D64*$G64 -> 400 | L64: =IF($G64>$P$1,"SÍ","NO") -> NO | M64: =IF(AND($E64="A",$L64="SÍ"),"SÍ","NO") -> NO | P64: {=IFERROR(INDEX($A$5:$A$104,SMALL(IF(($E$5:$E$104="A")*(ISNUMBER(MATCH($F$5:$F$104,{"1. LLANTAS";"7. MEZANNINE";"5. RACK SIMPLE";"4. RACK BALDA"},0))),ROW($A$5:$A$104)-4),ROW()-56)),"")} -> SKU00051 | Q64: =IFERROR(_xlfn.XLOOKUP($P64,$A$5:$A$104,$D$5:$D$104),"") -> 423 | R64: =IFERROR(_xlfn.XLOOKUP($P64,$A$5:$A$104,$F$5:$F$104),"") -> 4. RACK BALDA | S64: =IFERROR(_xlfn.XLOOKUP($P64,$A$5:$A$104,$G$5:$G$104),"") -> 4.82 | T64: =IFERROR(_xlfn.XLOOKUP($P64,$A$5:$A$104,$C$5:$C$104),"") -> Filtros | U64: =IFERROR($Q64*$S64,"") -> 2038.86 | V64: =IFERROR($Q64*$S$20,"") -> 676.8 | W64: =IFERROR($U64-$V64,"") -> 1362.06
A65: =STOCK_ACTUAL!B62 -> SKU00061 | B65: =STOCK_ACTUAL!C62 -> Marca A | C65: =STOCK_ACTUAL!D62 -> Filtros | D65: =_xlfn.XLOOKUP($A65,ROTACIÓN!$A$2:$A$101,ROTACIÓN!$B$2:$B$101) -> 189 | E65: =_xlfn.XLOOKUP($A65,ROTACIÓN!$A$2:$A$101,ROTACIÓN!$C$2:$C$101) -> C | F65: =STOCK_ACTUAL!E62 -> 2. PISO | G65: =_xlfn.XLOOKUP($F65,LAYOUT_CD!$A$2:$A$10,LAYOUT_CD!$C$2:$C$10) -> 1.6 | H65: =_xlfn.XLOOKUP($F65,LAYOUT_CD!$A$2:$A$10,LAYOUT_CD!$B$2:$B$10) -> 10 | I65: =STOCK_ACTUAL!F62 -> 0.22490478 | J65: =STOCK_ACTUAL!G62 -> 18.705265 | K65: =$D65*$G65 -> 302.4 | L65: =IF($G65>$P$1,"SÍ","NO") -> NO | M65: =IF(AND($E65="A",$L65="SÍ"),"SÍ","NO") -> NO | P65: {=IFERROR(INDEX($A$5:$A$104,SMALL(IF(($E$5:$E$104="A")*(ISNUMBER(MATCH($F$5:$F$104,{"1. LLANTAS";"7. MEZANNINE";"5. RACK SIMPLE";"4. RACK BALDA"},0))),ROW($A$5:$A$104)-4),ROW()-56)),"")} -> SKU00054 | Q65: =IFERROR(_xlfn.XLOOKUP($P65,$A$5:$A$104,$D$5:$D$104),"") -> 452 | R65: =IFERROR(_xlfn.XLOOKUP($P65,$A$5:$A$104,$F$5:$F$104),"") -> 5. RACK SIMPLE | S65: =IFERROR(_xlfn.XLOOKUP($P65,$A$5:$A$104,$G$5:$G$104),"") -> 5.63 | T65: =IFERROR(_xlfn.XLOOKUP($P65,$A$5:$A$104,$C$5:$C$104),"") -> Correas | U65: =IFERROR($Q65*$S65,"") -> 2544.76 | V65: =IFERROR($Q65*$S$20,"") -> 723.2 | W65: =IFERROR($U65-$V65,"") -> 1821.56
A66: =STOCK_ACTUAL!B63 -> SKU00062 | B66: =STOCK_ACTUAL!C63 -> Marca B | C66: =STOCK_ACTUAL!D63 -> Lubricantes | D66: =_xlfn.XLOOKUP($A66,ROTACIÓN!$A$2:$A$101,ROTACIÓN!$B$2:$B$101) -> 453 | E66: =_xlfn.XLOOKUP($A66,ROTACIÓN!$A$2:$A$101,ROTACIÓN!$C$2:$C$101) -> A | F66: =STOCK_ACTUAL!E63 -> 2. PISO | G66: =_xlfn.XLOOKUP($F66,LAYOUT_CD!$A$2:$A$10,LAYOUT_CD!$C$2:$C$10) -> 1.6 | H66: =_xlfn.XLOOKUP($F66,LAYOUT_CD!$A$2:$A$10,LAYOUT_CD!$B$2:$B$10) -> 10 | I66: =STOCK_ACTUAL!F63 -> 0.17210706 | J66: =STOCK_ACTUAL!G63 -> 31.799139 | K66: =$D66*$G66 -> 724.8 | L66: =IF($G66>$P$1,"SÍ","NO") -> NO | M66: =IF(AND($E66="A",$L66="SÍ"),"SÍ","NO") -> NO | P66: {=IFERROR(INDEX($A$5:$A$104,SMALL(IF(($E$5:$E$104="A")*(ISNUMBER(MATCH($F$5:$F$104,{"1. LLANTAS";"7. MEZANNINE";"5. RACK SIMPLE";"4. RACK BALDA"},0))),ROW($A$5:$A$104)-4),ROW()-56)),"")} -> SKU00066 | Q66: =IFERROR(_xlfn.XLOOKUP($P66,$A$5:$A$104,$D$5:$D$104),"") -> 417 | R66: =IFERROR(_xlfn.XLOOKUP($P66,$A$5:$A$104,$F$5:$F$104),"") -> 5. RACK SIMPLE | S66: =IFERROR(_xlfn.XLOOKUP($P66,$A$5:$A$104,$G$5:$G$104),"") -> 5.63 | T66: =IFERROR(_xlfn.XLOOKUP($P66,$A$5:$A$104,$C$5:$C$104),"") -> Filtros | U66: =IFERROR($Q66*$S66,"") -> 2347.71 | V66: =IFERROR($Q66*$S$20,"") -> 667.2 | W66: =IFERROR($U66-$V66,"") -> 1680.51
A67: =STOCK_ACTUAL!B64 -> SKU00063 | B67: =STOCK_ACTUAL!C64 -> Marca C | C67: =STOCK_ACTUAL!D64 -> Pastillas | D67: =_xlfn.XLOOKUP($A67,ROTACIÓN!$A$2:$A$101,ROTACIÓN!$B$2:$B$101) -> 202 | E67: =_xlfn.XLOOKUP($A67,ROTACIÓN!$A$2:$A$101,ROTACIÓN!$C$2:$C$101) -> C | F67: =STOCK_ACTUAL!E64 -> 6. RACK COLGANTES | G67: =_xlfn.XLOOKUP($F67,LAYOUT_CD!$A$2:$A$10,LAYOUT_CD!$C$2:$C$10) -> 3.61 | H67: =_xlfn.XLOOKUP($F67,LAYOUT_CD!$A$2:$A$10,LAYOUT_CD!$B$2:$B$10) -> 45 | I67: =STOCK_ACTUAL!F64 -> 0.42293188 | J67: =STOCK_ACTUAL!G64 -> 31.859721 | K67: =$D67*$G67 -> 729.22 | L67: =IF($G67>$P$1,"SÍ","NO") -> NO | M67: =IF(AND($E67="A",$L67="SÍ"),"SÍ","NO") -> NO | P67: {=IFERROR(INDEX($A$5:$A$104,SMALL(IF(($E$5:$E$104="A")*(ISNUMBER(MATCH($F$5:$F$104,{"1. LLANTAS";"7. MEZANNINE";"5. RACK SIMPLE";"4. RACK BALDA"},0))),ROW($A$5:$A$104)-4),ROW()-56)),"")} -> SKU00068 | Q67: =IFERROR(_xlfn.XLOOKUP($P67,$A$5:$A$104,$D$5:$D$104),"") -> 415 | R67: =IFERROR(_xlfn.XLOOKUP($P67,$A$5:$A$104,$F$5:$F$104),"") -> 7. MEZANNINE | S67: =IFERROR(_xlfn.XLOOKUP($P67,$A$5:$A$104,$G$5:$G$104),"") -> 6.42 | T67: =IFERROR(_xlfn.XLOOKUP($P67,$A$5:$A$104,$C$5:$C$104),"") -> Pastillas | U67: =IFERROR($Q67*$S67,"") -> 2664.3 | V67: =IFERROR($Q67*$S$20,"") -> 664 | W67: =IFERROR($U67-$V67,"") -> 2000.3
A68: =STOCK_ACTUAL!B65 -> SKU00064 | B68: =STOCK_ACTUAL!C65 -> Marca D | C68: =STOCK_ACTUAL!D65 -> Correas | D68: =_xlfn.XLOOKUP($A68,ROTACIÓN!$A$2:$A$101,ROTACIÓN!$B$2:$B$101) -> 286 | E68: =_xlfn.XLOOKUP($A68,ROTACIÓN!$A$2:$A$101,ROTACIÓN!$C$2:$C$101) -> B | F68: =STOCK_ACTUAL!E65 -> 6. RACK COLGANTES | G68: =_xlfn.XLOOKUP($F68,LAYOUT_CD!$A$2:$A$10,LAYOUT_CD!$C$2:$C$10) -> 3.61 | H68: =_xlfn.XLOOKUP($F68,LAYOUT_CD!$A$2:$A$10,LAYOUT_CD!$B$2:$B$10) -> 45 | I68: =STOCK_ACTUAL!F65 -> 0.210539 | J68: =STOCK_ACTUAL!G65 -> 27.020847 | K68: =$D68*$G68 -> 1032.46 | L68: =IF($G68>$P$1,"SÍ","NO") -> NO | M68: =IF(AND($E68="A",$L68="SÍ"),"SÍ","NO") -> NO | P68: {=IFERROR(INDEX($A$5:$A$104,SMALL(IF(($E$5:$E$104="A")*(ISNUMBER(MATCH($F$5:$F$104,{"1. LLANTAS";"7. MEZANNINE";"5. RACK SIMPLE";"4. RACK BALDA"},0))),ROW($A$5:$A$104)-4),ROW()-56)),"")} -> SKU00075 | Q68: =IFERROR(_xlfn.XLOOKUP($P68,$A$5:$A$104,$D$5:$D$104),"") -> 359 | R68: =IFERROR(_xlfn.XLOOKUP($P68,$A$5:$A$104,$F$5:$F$104),"") -> 7. MEZANNINE | S68: =IFERROR(_xlfn.XLOOKUP($P68,$A$5:$A$104,$G$5:$G$104),"") -> 6.42 | T68: =IFERROR(_xlfn.XLOOKUP($P68,$A$5:$A$104,$C$5:$C$104),"") -> Soportes | U68: =IFERROR($Q68*$S68,"") -> 2304.78 | V68: =IFERROR($Q68*$S$20,"") -> 574.4 | W68: =IFERROR($U68-$V68,"") -> 1730.38
... A74: =STOCK_ACTUAL!B71 -> SKU00070 | B74: =STOCK_ACTUAL!C71 -> Marca E | C74: =STOCK_ACTUAL!D71 -> Soportes | D74: =_xlfn.XLOOKUP($A74,ROTACIÓN!$A$2:$A$101,ROTACIÓN!$B$2:$B$101) -> 117 | E74: =_xlfn.XLOOKUP($A74,ROTACIÓN!$A$2:$A$101,ROTACIÓN!$C$2:$C$101) -> C | F74: =STOCK_ACTUAL!E71 -> 4. RACK BALDA | G74: =_xlfn.XLOOKUP($F74,LAYOUT_CD!$A$2:$A$10,LAYOUT_CD!$C$2:$C$10) -> 4.82 | H74: =_xlfn.XLOOKUP($F74,LAYOUT_CD!$A$2:$A$10,LAYOUT_CD!$B$2:$B$10) -> 60 | I74: =STOCK_ACTUAL!F71 -> 0.49409912 | J74: =STOCK_ACTUAL!G71 -> 29.749201 | K74: =$D74*$G74 -> 563.94 | L74: =IF($G74>$P$1,"SÍ","NO") -> SÍ | M74: =IF(AND($E74="A",$L74="SÍ"),"SÍ","NO") -> NO | P74: {=IFERROR(INDEX($A$5:$A$104,SMALL(IF(($E$5:$E$104="A")*(ISNUMBER(MATCH($F$5:$F$104,{"1. LLANTAS";"7. MEZANNINE";"5. RACK SIMPLE";"4. RACK BALDA"},0))),ROW($A$5:$A$104)-4),ROW()-56)),"")} -> SKU00095 | Q74: =IFERROR(_xlfn.XLOOKUP($P74,$A$5:$A$104,$D$5:$D$104),"") -> 402 | R74: =IFERROR(_xlfn.XLOOKUP($P74,$A$5:$A$104,$F$5:$F$104),"") -> 4. RACK BALDA | S74: =IFERROR(_xlfn.XLOOKUP($P74,$A$5:$A$104,$G$5:$G$104),"") -> 4.82 | T74: =IFERROR(_xlfn.XLOOKUP($P74,$A$5:$A$104,$C$5:$C$104),"") -> Soportes | U74: =IFERROR($Q74*$S74,"") -> 1937.64 | V74: =IFERROR($Q74*$S$20,"") -> 643.2 | W74: =IFERROR($U74-$V74,"") -> 1294.44
A75: =STOCK_ACTUAL!B72 -> SKU00071 | B75: =STOCK_ACTUAL!C72 -> Marca A | C75: =STOCK_ACTUAL!D72 -> Filtros | D75: =_xlfn.XLOOKUP($A75,ROTACIÓN!$A$2:$A$101,ROTACIÓN!$B$2:$B$101) -> 85 | E75: =_xlfn.XLOOKUP($A75,ROTACIÓN!$A$2:$A$101,ROTACIÓN!$C$2:$C$101) -> C | F75: =STOCK_ACTUAL!E72 -> 4. RACK BALDA | G75: =_xlfn.XLOOKUP($F75,LAYOUT_CD!$A$2:$A$10,LAYOUT_CD!$C$2:$C$10) -> 4.82 | H75: =_xlfn.XLOOKUP($F75,LAYOUT_CD!$A$2:$A$10,LAYOUT_CD!$B$2:$B$10) -> 60 | I75: =STOCK_ACTUAL!F72 -> 0.39751015 | J75: =STOCK_ACTUAL!G72 -> 34.039436 | K75: =$D75*$G75 -> 409.7 | L75: =IF($G75>$P$1,"SÍ","NO") -> SÍ | M75: =IF(AND($E75="A",$L75="SÍ"),"SÍ","NO") -> NO
A76: =STOCK_ACTUAL!B73 -> SKU00072 | B76: =STOCK_ACTUAL!C73 -> Marca B | C76: =STOCK_ACTUAL!D73 -> Lubricantes | D76: =_xlfn.XLOOKUP($A76,ROTACIÓN!$A$2:$A$101,ROTACIÓN!$B$2:$B$101) -> 122 | E76: =_xlfn.XLOOKUP($A76,ROTACIÓN!$A$2:$A$101,ROTACIÓN!$C$2:$C$101) -> C | F76: =STOCK_ACTUAL!E73 -> 1. LLANTAS | G76: =_xlfn.XLOOKUP($F76,LAYOUT_CD!$A$2:$A$10,LAYOUT_CD!$C$2:$C$10) -> 8.04 | H76: =_xlfn.XLOOKUP($F76,LAYOUT_CD!$A$2:$A$10,LAYOUT_CD!$B$2:$B$10) -> 100 | I76: =STOCK_ACTUAL!F73 -> 0.13942206 | J76: =STOCK_ACTUAL!G73 -> 1.3210975 | K76: =$D76*$G76 -> 980.88 | L76: =IF($G76>$P$1,"SÍ","NO") -> SÍ | M76: =IF(AND($E76="A",$L76="SÍ"),"SÍ","NO") -> NO | P76: TOTAL 18 CANDIDATOS | Q76: =SUM(Q57:Q74) -> 7534 | U76: =SUM(U57:U74) -> 45069.55 | V76: =SUM(V57:V74) -> 12054.4 | W76: =SUM(W57:W74) -> 33015.15
A77: =STOCK_ACTUAL!B74 -> SKU00073 | B77: =STOCK_ACTUAL!C74 -> Marca C | C77: =STOCK_ACTUAL!D74 -> Pastillas | D77: =_xlfn.XLOOKUP($A77,ROTACIÓN!$A$2:$A$101,ROTACIÓN!$B$2:$B$101) -> 141 | E77: =_xlfn.XLOOKUP($A77,ROTACIÓN!$A$2:$A$101,ROTACIÓN!$C$2:$C$101) -> C | F77: =STOCK_ACTUAL!E74 -> 2. PISO | G77: =_xlfn.XLOOKUP($F77,LAYOUT_CD!$A$2:$A$10,LAYOUT_CD!$C$2:$C$10) -> 1.6 | H77: =_xlfn.XLOOKUP($F77,LAYOUT_CD!$A$2:$A$10,LAYOUT_CD!$B$2:$B$10) -> 10 | I77: =STOCK_ACTUAL!F74 -> 0.052484953 | J77: =STOCK_ACTUAL!G74 -> 25.848606 | K77: =$D77*$G77 -> 225.6 | L77: =IF($G77>$P$1,"SÍ","NO") -> NO | M77: =IF(AND($E77="A",$L77="SÍ"),"SÍ","NO") -> NO
A78: =STOCK_ACTUAL!B75 -> SKU00074 | B78: =STOCK_ACTUAL!C75 -> Marca D | C78: =STOCK_ACTUAL!D75 -> Correas | D78: =_xlfn.XLOOKUP($A78,ROTACIÓN!$A$2:$A$101,ROTACIÓN!$B$2:$B$101) -> 299 | E78: =_xlfn.XLOOKUP($A78,ROTACIÓN!$A$2:$A$101,ROTACIÓN!$C$2:$C$101) -> B | F78: =STOCK_ACTUAL!E75 -> 1. LLANTAS | G78: =_xlfn.XLOOKUP($F78,LAYOUT_CD!$A$2:$A$10,LAYOUT_CD!$C$2:$C$10) -> 8.04 | H78: =_xlfn.XLOOKUP($F78,LAYOUT_CD!$A$2:$A$10,LAYOUT_CD!$B$2:$B$10) -> 100 | I78: =STOCK_ACTUAL!F75 -> 0.41695764 | J78: =STOCK_ACTUAL!G75 -> 11.711541 | K78: =$D78*$G78 -> 2403.96 | L78: =IF($G78>$P$1,"SÍ","NO") -> SÍ | M78: =IF(AND($E78="A",$L78="SÍ"),"SÍ","NO") -> NO
A79: =STOCK_ACTUAL!B76 -> SKU00075 | B79: =STOCK_ACTUAL!C76 -> Marca E | C79: =STOCK_ACTUAL!D76 -> Soportes | D79: =_xlfn.XLOOKUP($A79,ROTACIÓN!$A$2:$A$101,ROTACIÓN!$B$2:$B$101) -> 359 | E79: =_xlfn.XLOOKUP($A79,ROTACIÓN!$A$2:$A$101,ROTACIÓN!$C$2:$C$101) -> A | F79: =STOCK_ACTUAL!E76 -> 7. MEZANNINE | G79: =_xlfn.XLOOKUP($F79,LAYOUT_CD!$A$2:$A$10,LAYOUT_CD!$C$2:$C$10) -> 6.42 | H79: =_xlfn.XLOOKUP($F79,LAYOUT_CD!$A$2:$A$10,LAYOUT_CD!$B$2:$B$10) -> 80 | I79: =STOCK_ACTUAL!F76 -> 0.3680858 | J79: =STOCK_ACTUAL!G76 -> 32.436053 | K79: =$D79*$G79 -> 2304.78 | L79: =IF($G79>$P$1,"SÍ","NO") -> SÍ | M79: =IF(AND($E79="A",$L79="SÍ"),"SÍ","NO") -> SÍ
A80: =STOCK_ACTUAL!B77 -> SKU00076 | B80: =STOCK_ACTUAL!C77 -> Marca A | C80: =STOCK_ACTUAL!D77 -> Filtros | D80: =_xlfn.XLOOKUP($A80,ROTACIÓN!$A$2:$A$101,ROTACIÓN!$B$2:$B$101) -> 202 | E80: =_xlfn.XLOOKUP($A80,ROTACIÓN!$A$2:$A$101,ROTACIÓN!$C$2:$C$101) -> C | F80: =STOCK_ACTUAL!E77 -> 8. CLUSTER | G80: =_xlfn.XLOOKUP($F80,LAYOUT_CD!$A$2:$A$10,LAYOUT_CD!$C$2:$C$10) -> 4.01 | H80: =_xlfn.XLOOKUP($F80,LAYOUT_CD!$A$2:$A$10,LAYOUT_CD!$B$2:$B$10) -> 50 | I80: =STOCK_ACTUAL!F77 -> 0.37805323 | J80: =STOCK_ACTUAL!G77 -> 9.1311382 | K80: =$D80*$G80 -> 810.02 | L80: =IF($G80>$P$1,"SÍ","NO") -> SÍ | M80: =IF(AND($E80="A",$L80="SÍ"),"SÍ","NO") -> NO
A81: =STOCK_ACTUAL!B78 -> SKU00077 | B81: =STOCK_ACTUAL!C78 -> Marca B | C81: =STOCK_ACTUAL!D78 -> Lubricantes | D81: =_xlfn.XLOOKUP($A81,ROTACIÓN!$A$2:$A$101,ROTACIÓN!$B$2:$B$101) -> 103 | E81: =_xlfn.XLOOKUP($A81,ROTACIÓN!$A$2:$A$101,ROTACIÓN!$C$2:$C$101) -> C | F81: =STOCK_ACTUAL!E78 -> 4. RACK BALDA | G81: =_xlfn.XLOOKUP($F81,LAYOUT_CD!$A$2:$A$10,LAYOUT_CD!$C$2:$C$10) -> 4.82 | H81: =_xlfn.XLOOKUP($F81,LAYOUT_CD!$A$2:$A$10,LAYOUT_CD!$B$2:$B$10) -> 60 | I81: =STOCK_ACTUAL!F78 -> 0.39707166 | J81: =STOCK_ACTUAL!G78 -> 34.701418 | K81: =$D81*$G81 -> 496.46 | L81: =IF($G81>$P$1,"SÍ","NO") -> SÍ | M81: =IF(AND($E81="A",$L81="SÍ"),"SÍ","NO") -> NO
A82: =STOCK_ACTUAL!B79 -> SKU00078 | B82: =STOCK_ACTUAL!C79 -> Marca C | C82: =STOCK_ACTUAL!D79 -> Pastillas | D82: =_xlfn.XLOOKUP($A82,ROTACIÓN!$A$2:$A$101,ROTACIÓN!$B$2:$B$101) -> 485 | E82: =_xlfn.XLOOKUP($A82,ROTACIÓN!$A$2:$A$101,ROTACIÓN!$C$2:$C$101) -> A | F82: =STOCK_ACTUAL!E79 -> 1. LLANTAS | G82: =_xlfn.XLOOKUP($F82,LAYOUT_CD!$A$2:$A$10,LAYOUT_CD!$C$2:$C$10) -> 8.04 | H82: =_xlfn.XLOOKUP($F82,LAYOUT_CD!$A$2:$A$10,LAYOUT_CD!$B$2:$B$10) -> 100 | I82: =STOCK_ACTUAL!F79 -> 0.083320093 | J82: =STOCK_ACTUAL!G79 -> 19.6434 | K82: =$D82*$G82 -> 3899.4 | L82: =IF($G82>$P$1,"SÍ","NO") -> SÍ | M82: =IF(AND($E82="A",$L82="SÍ"),"SÍ","NO") -> SÍ
A83: =STOCK_ACTUAL!B80 -> SKU00079 | B83: =STOCK_ACTUAL!C80 -> Marca D | C83: =STOCK_ACTUAL!D80 -> Correas | D83: =_xlfn.XLOOKUP($A83,ROTACIÓN!$A$2:$A$101,ROTACIÓN!$B$2:$B$101) -> 173 | E83: =_xlfn.XLOOKUP($A83,ROTACIÓN!$A$2:$A$101,ROTACIÓN!$C$2:$C$101) -> C | F83: =STOCK_ACTUAL!E80 -> 4. RACK BALDA | G83: =_xlfn.XLOOKUP($F83,LAYOUT_CD!$A$2:$A$10,LAYOUT_CD!$C$2:$C$10) -> 4.82 | H83: =_xlfn.XLOOKUP($F83,LAYOUT_CD!$A$2:$A$10,LAYOUT_CD!$B$2:$B$10) -> 60 | I83: =STOCK_ACTUAL!F80 -> 0.21130958 | J83: =STOCK_ACTUAL!G80 -> 46.868134 | K83: =$D83*$G83 -> 833.86 | L83: =IF($G83>$P$1,"SÍ","NO") -> SÍ | M83: =IF(AND($E83="A",$L83="SÍ"),"SÍ","NO") -> NO
A84: =STOCK_ACTUAL!B81 -> SKU00080 | B84: =STOCK_ACTUAL!C81 -> Marca E | C84: =STOCK_ACTUAL!D81 -> Soportes | D84: =_xlfn.XLOOKUP($A84,ROTACIÓN!$A$2:$A$101,ROTACIÓN!$B$2:$B$101) -> 127 | E84: =_xlfn.XLOOKUP($A84,ROTACIÓN!$A$2:$A$101,ROTACIÓN!$C$2:$C$101) -> C | F84: =STOCK_ACTUAL!E81 -> 2. PISO | G84: =_xlfn.XLOOKUP($F84,LAYOUT_CD!$A$2:$A$10,LAYOUT_CD!$C$2:$C$10) -> 1.6 | H84: =_xlfn.XLOOKUP($F84,LAYOUT_CD!$A$2:$A$10,LAYOUT_CD!$B$2:$B$10) -> 10 | I84: =STOCK_ACTUAL!F81 -> 0.10214108 | J84: =STOCK_ACTUAL!G81 -> 7.3072867 | K84: =$D84*$G84 -> 203.2 | L84: =IF($G84>$P$1,"SÍ","NO") -> NO | M84: =IF(AND($E84="A",$L84="SÍ"),"SÍ","NO") -> NO | P84: T11 — DISTRIBUCIÓN DE PESO POR FAMILIA (KG) | Q84: MÍN | R84: Q1 | S84: MEDIANA | T84: Q3 | U84: MÁX | V84: PROMEDIO | W84: RIQ (Q3-Q1) | X84: SKU >40 KG
A85: =STOCK_ACTUAL!B82 -> SKU00081 | B85: =STOCK_ACTUAL!C82 -> Marca A | C85: =STOCK_ACTUAL!D82 -> Filtros | D85: =_xlfn.XLOOKUP($A85,ROTACIÓN!$A$2:$A$101,ROTACIÓN!$B$2:$B$101) -> 395 | E85: =_xlfn.XLOOKUP($A85,ROTACIÓN!$A$2:$A$101,ROTACIÓN!$C$2:$C$101) -> A | F85: =STOCK_ACTUAL!E82 -> 8. CLUSTER | G85: =_xlfn.XLOOKUP($F85,LAYOUT_CD!$A$2:$A$10,LAYOUT_CD!$C$2:$C$10) -> 4.01 | H85: =_xlfn.XLOOKUP($F85,LAYOUT_CD!$A$2:$A$10,LAYOUT_CD!$B$2:$B$10) -> 50 | I85: =STOCK_ACTUAL!F82 -> 0.43839654 | J85: =STOCK_ACTUAL!G82 -> 17.382784 | K85: =$D85*$G85 -> 1583.95 | L85: =IF($G85>$P$1,"SÍ","NO") -> SÍ | M85: =IF(AND($E85="A",$L85="SÍ"),"SÍ","NO") -> SÍ | P85: Filtros | Q85: =_xlfn.MINIFS($J$5:$J$104,$C$5:$C$104,$P85) -> 2.0557447 | R85: {=QUARTILE(IF($C$5:$C$104=$P85,$J$5:$J$104),1)} -> 12.750408 | S85: {=MEDIAN(IF($C$5:$C$104=$P85,$J$5:$J$104))} -> 18.24557 | T85: {=QUARTILE(IF($C$5:$C$104=$P85,$J$5:$J$104),3)} -> 35.646649 | U85: =_xlfn.MAXIFS($J$5:$J$104,$C$5:$C$104,$P85) -> 48.141141 | V85: =AVERAGEIF($C$5:$C$104,$P85,$J$5:$J$104) -> 22.936196 | W85: =$T85-$R85 -> 22.896241 | X85: =COUNTIFS($C$5:$C$104,$P85,$J$5:$J$104,">40") -> 5
A86: =STOCK_ACTUAL!B83 -> SKU00082 | B86: =STOCK_ACTUAL!C83 -> Marca B | C86: =STOCK_ACTUAL!D83 -> Lubricantes | D86: =_xlfn.XLOOKUP($A86,ROTACIÓN!$A$2:$A$101,ROTACIÓN!$B$2:$B$101) -> 382 | E86: =_xlfn.XLOOKUP($A86,ROTACIÓN!$A$2:$A$101,ROTACIÓN!$C$2:$C$101) -> A | F86: =STOCK_ACTUAL!E83 -> 4. RACK BALDA | G86: =_xlfn.XLOOKUP($F86,LAYOUT_CD!$A$2:$A$10,LAYOUT_CD!$C$2:$C$10) -> 4.82 | H86: =_xlfn.XLOOKUP($F86,LAYOUT_CD!$A$2:$A$10,LAYOUT_CD!$B$2:$B$10) -> 60 | I86: =STOCK_ACTUAL!F83 -> 0.33048416 | J86: =STOCK_ACTUAL!G83 -> 6.1169393 | K86: =$D86*$G86 -> 1841.24 | L86: =IF($G86>$P$1,"SÍ","NO") -> SÍ | M86: =IF(AND($E86="A",$L86="SÍ"),"SÍ","NO") -> SÍ | P86: Lubricantes | Q86: =_xlfn.MINIFS($J$5:$J$104,$C$5:$C$104,$P86) -> 1.3210975 | R86: {=QUARTILE(IF($C$5:$C$104=$P86,$J$5:$J$104),1)} -> 12.811996 | S86: {=MEDIAN(IF($C$5:$C$104=$P86,$J$5:$J$104))} -> 31.236287 | T86: {=QUARTILE(IF($C$5:$C$104=$P86,$J$5:$J$104),3)} -> 37.396547 | U86: =_xlfn.MAXIFS($J$5:$J$104,$C$5:$C$104,$P86) -> 44.91218 | V86: =AVERAGEIF($C$5:$C$104,$P86,$J$5:$J$104) -> 26.374179 | W86: =$T86-$R86 -> 24.58455 | X86: =COUNTIFS($C$5:$C$104,$P86,$J$5:$J$104,">40") -> 5
A87: =STOCK_ACTUAL!B84 -> SKU00083 | B87: =STOCK_ACTUAL!C84 -> Marca C | C87: =STOCK_ACTUAL!D84 -> Pastillas | D87: =_xlfn.XLOOKUP($A87,ROTACIÓN!$A$2:$A$101,ROTACIÓN!$B$2:$B$101) -> 408 | E87: =_xlfn.XLOOKUP($A87,ROTACIÓN!$A$2:$A$101,ROTACIÓN!$C$2:$C$101) -> A | F87: =STOCK_ACTUAL!E84 -> 1. LLANTAS | G87: =_xlfn.XLOOKUP($F87,LAYOUT_CD!$A$2:$A$10,LAYOUT_CD!$C$2:$C$10) -> 8.04 | H87: =_xlfn.XLOOKUP($F87,LAYOUT_CD!$A$2:$A$10,LAYOUT_CD!$B$2:$B$10) -> 100 | I87: =STOCK_ACTUAL!F84 -> 0.19890411 | J87: =STOCK_ACTUAL!G84 -> 46.272334 | K87: =$D87*$G87 -> 3280.32 | L87: =IF($G87>$P$1,"SÍ","NO") -> SÍ | M87: =IF(AND($E87="A",$L87="SÍ"),"SÍ","NO") -> SÍ | P87: Pastillas | Q87: =_xlfn.MINIFS($J$5:$J$104,$C$5:$C$104,$P87) -> 6.4333357 | R87: {=QUARTILE(IF($C$5:$C$104=$P87,$J$5:$J$104),1)} -> 16.196034 | S87: {=MEDIAN(IF($C$5:$C$104=$P87,$J$5:$J$104))} -> 26.915523 | T87: {=QUARTILE(IF($C$5:$C$104=$P87,$J$5:$J$104),3)} -> 39.426669 | U87: =_xlfn.MAXIFS($J$5:$J$104,$C$5:$C$104,$P87) -> 46.520034 | V87: =AVERAGEIF($C$5:$C$104,$P87,$J$5:$J$104) -> 27.949073 | W87: =$T87-$R87 -> 23.230635 | X87: =COUNTIFS($C$5:$C$104,$P87,$J$5:$J$104,">40") -> 5
A88: =STOCK_ACTUAL!B85 -> SKU00084 | B88: =STOCK_ACTUAL!C85 -> Marca D | C88: =STOCK_ACTUAL!D85 -> Correas | D88: =_xlfn.XLOOKUP($A88,ROTACIÓN!$A$2:$A$101,ROTACIÓN!$B$2:$B$101) -> 438 | E88: =_xlfn.XLOOKUP($A88,ROTACIÓN!$A$2:$A$101,ROTACIÓN!$C$2:$C$101) -> A | F88: =STOCK_ACTUAL!E85 -> 7. MEZANNINE | G88: =_xlfn.XLOOKUP($F88,LAYOUT_CD!$A$2:$A$10,LAYOUT_CD!$C$2:$C$10) -> 6.42 | H88: =_xlfn.XLOOKUP($F88,LAYOUT_CD!$A$2:$A$10,LAYOUT_CD!$B$2:$B$10) -> 80 | I88: =STOCK_ACTUAL!F85 -> 0.078601258 | J88: =STOCK_ACTUAL!G85 -> 43.928298 | K88: =$D88*$G88 -> 2811.96 | L88: =IF($G88>$P$1,"SÍ","NO") -> SÍ | M88: =IF(AND($E88="A",$L88="SÍ"),"SÍ","NO") -> SÍ | P88: Correas | Q88: =_xlfn.MINIFS($J$5:$J$104,$C$5:$C$104,$P88) -> 0.84413046 | R88: {=QUARTILE(IF($C$5:$C$104=$P88,$J$5:$J$104),1)} -> 11.797017 | S88: {=MEDIAN(IF($C$5:$C$104=$P88,$J$5:$J$104))} -> 21.613788 | T88: {=QUARTILE(IF($C$5:$C$104=$P88,$J$5:$J$104),3)} -> 34.004381 | U88: =_xlfn.MAXIFS($J$5:$J$104,$C$5:$C$104,$P88) -> 46.868134 | V88: =AVERAGEIF($C$5:$C$104,$P88,$J$5:$J$104) -> 22.781677 | W88: =$T88-$R88 -> 22.207364 | X88: =COUNTIFS($C$5:$C$104,$P88,$J$5:$J$104,">40") -> 5
A89: =STOCK_ACTUAL!B86 -> SKU00085 | B89: =STOCK_ACTUAL!C86 -> Marca E | C89: =STOCK_ACTUAL!D86 -> Soportes | D89: =_xlfn.XLOOKUP($A89,ROTACIÓN!$A$2:$A$101,ROTACIÓN!$B$2:$B$101) -> 496 | E89: =_xlfn.XLOOKUP($A89,ROTACIÓN!$A$2:$A$101,ROTACIÓN!$C$2:$C$101) -> A | F89: =STOCK_ACTUAL!E86 -> 10. UBICACIÓN RECIBO | G89: =_xlfn.XLOOKUP($F89,LAYOUT_CD!$A$2:$A$10,LAYOUT_CD!$C$2:$C$10) -> 2.01 | H89: =_xlfn.XLOOKUP($F89,LAYOUT_CD!$A$2:$A$10,LAYOUT_CD!$B$2:$B$10) -> 15 | I89: =STOCK_ACTUAL!F86 -> 0.18994204 | J89: =STOCK_ACTUAL!G86 -> 13.268111 | K89: =$D89*$G89 -> 996.96 | L89: =IF($G89>$P$1,"SÍ","NO") -> NO | M89: =IF(AND($E89="A",$L89="SÍ"),"SÍ","NO") -> NO | P89: Soportes | Q89: =_xlfn.MINIFS($J$5:$J$104,$C$5:$C$104,$P89) -> 4.3105055 | R89: {=QUARTILE(IF($C$5:$C$104=$P89,$J$5:$J$104),1)} -> 13.069005 | S89: {=MEDIAN(IF($C$5:$C$104=$P89,$J$5:$J$104))} -> 26.489716 | T89: {=QUARTILE(IF($C$5:$C$104=$P89,$J$5:$J$104),3)} -> 37.185992 | U89: =_xlfn.MAXIFS($J$5:$J$104,$C$5:$C$104,$P89) -> 49.289697 | V89: =AVERAGEIF($C$5:$C$104,$P89,$J$5:$J$104) -> 25.672225 | W89: =$T89-$R89 -> 24.116987 | X89: =COUNTIFS($C$5:$C$104,$P89,$J$5:$J$104,">40") -> 4
A90: =STOCK_ACTUAL!B87 -> SKU00086 | B90: =STOCK_ACTUAL!C87 -> Marca A | C90: =STOCK_ACTUAL!D87 -> Filtros | D90: =_xlfn.XLOOKUP($A90,ROTACIÓN!$A$2:$A$101,ROTACIÓN!$B$2:$B$101) -> 361 | E90: =_xlfn.XLOOKUP($A90,ROTACIÓN!$A$2:$A$101,ROTACIÓN!$C$2:$C$101) -> A | F90: =STOCK_ACTUAL!E87 -> 1. LLANTAS | G90: =_xlfn.XLOOKUP($F90,LAYOUT_CD!$A$2:$A$10,LAYOUT_CD!$C$2:$C$10) -> 8.04 | H90: =_xlfn.XLOOKUP($F90,LAYOUT_CD!$A$2:$A$10,LAYOUT_CD!$B$2:$B$10) -> 100 | I90: =STOCK_ACTUAL!F87 -> 0.19633249 | J90: =STOCK_ACTUAL!G87 -> 33.16921 | K90: =$D90*$G90 -> 2902.44 | L90: =IF($G90>$P$1,"SÍ","NO") -> SÍ | M90: =IF(AND($E90="A",$L90="SÍ"),"SÍ","NO") -> SÍ
A91: =STOCK_ACTUAL!B88 -> SKU00087 | B91: =STOCK_ACTUAL!C88 -> Marca B | C91: =STOCK_ACTUAL!D88 -> Lubricantes | D91: =_xlfn.XLOOKUP($A91,ROTACIÓN!$A$2:$A$101,ROTACIÓN!$B$2:$B$101) -> 277 | E91: =_xlfn.XLOOKUP($A91,ROTACIÓN!$A$2:$A$101,ROTACIÓN!$C$2:$C$101) -> B | F91: =STOCK_ACTUAL!E88 -> 4. RACK BALDA | G91: =_xlfn.XLOOKUP($F91,LAYOUT_CD!$A$2:$A$10,LAYOUT_CD!$C$2:$C$10) -> 4.82 | H91: =_xlfn.XLOOKUP($F91,LAYOUT_CD!$A$2:$A$10,LAYOUT_CD!$B$2:$B$10) -> 60 | I91: =STOCK_ACTUAL!F88 -> 0.37832278 | J91: =STOCK_ACTUAL!G88 -> 40.952499 | K91: =$D91*$G91 -> 1335.14 | L91: =IF($G91>$P$1,"SÍ","NO") -> SÍ | M91: =IF(AND($E91="A",$L91="SÍ"),"SÍ","NO") -> NO
A92: =STOCK_ACTUAL!B89 -> SKU00088 | B92: =STOCK_ACTUAL!C89 -> Marca C | C92: =STOCK_ACTUAL!D89 -> Pastillas | D92: =_xlfn.XLOOKUP($A92,ROTACIÓN!$A$2:$A$101,ROTACIÓN!$B$2:$B$101) -> 199 | E92: =_xlfn.XLOOKUP($A92,ROTACIÓN!$A$2:$A$101,ROTACIÓN!$C$2:$C$101) -> C | F92: =STOCK_ACTUAL!E89 -> 5. RACK SIMPLE | G92: =_xlfn.XLOOKUP($F92,LAYOUT_CD!$A$2:$A$10,LAYOUT_CD!$C$2:$C$10) -> 5.63 | H92: =_xlfn.XLOOKUP($F92,LAYOUT_CD!$A$2:$A$10,LAYOUT_CD!$B$2:$B$10) -> 65 | I92: =STOCK_ACTUAL!F89 -> 0.33690086 | J92: =STOCK_ACTUAL!G89 -> 27.98244 | K92: =$D92*$G92 -> 1120.37 | L92: =IF($G92>$P$1,"SÍ","NO") -> SÍ | M92: =IF(AND($E92="A",$L92="SÍ"),"SÍ","NO") -> NO | P92: T12 — DISTRIBUCIÓN DE VOLUMEN POR FAMILIA (M3) | Q92: MÍN | R92: Q1 | S92: MEDIANA | T92: Q3 | U92: MÁX | V92: PROMEDIO | W92: VOL. TOTAL M3 | X92: % VOL. DEL CD
A93: =STOCK_ACTUAL!B90 -> SKU00089 | B93: =STOCK_ACTUAL!C90 -> Marca D | C93: =STOCK_ACTUAL!D90 -> Correas | D93: =_xlfn.XLOOKUP($A93,ROTACIÓN!$A$2:$A$101,ROTACIÓN!$B$2:$B$101) -> 342 | E93: =_xlfn.XLOOKUP($A93,ROTACIÓN!$A$2:$A$101,ROTACIÓN!$C$2:$C$101) -> B | F93: =STOCK_ACTUAL!E90 -> 8. CLUSTER | G93: =_xlfn.XLOOKUP($F93,LAYOUT_CD!$A$2:$A$10,LAYOUT_CD!$C$2:$C$10) -> 4.01 | H93: =_xlfn.XLOOKUP($F93,LAYOUT_CD!$A$2:$A$10,LAYOUT_CD!$B$2:$B$10) -> 50 | I93: =STOCK_ACTUAL!F90 -> 0.44924573 | J93: =STOCK_ACTUAL!G90 -> 26.717704 | K93: =$D93*$G93 -> 1371.42 | L93: =IF($G93>$P$1,"SÍ","NO") -> SÍ | M93: =IF(AND($E93="A",$L93="SÍ"),"SÍ","NO") -> NO | P93: Filtros | Q93: =_xlfn.MINIFS($I$5:$I$104,$C$5:$C$104,$P93) -> 0.059263022 | R93: {=QUARTILE(IF($C$5:$C$104=$P93,$I$5:$I$104),1)} -> 0.18038238 | S93: {=MEDIAN(IF($C$5:$C$104=$P93,$I$5:$I$104))} -> 0.30880421 | T93: {=QUARTILE(IF($C$5:$C$104=$P93,$I$5:$I$104),3)} -> 0.39896491 | U93: =_xlfn.MAXIFS($I$5:$I$104,$C$5:$C$104,$P93) -> 0.48631308 | V93: =AVERAGEIF($C$5:$C$104,$P93,$I$5:$I$104) -> 0.28530086 | W93: =SUMIF($C$5:$C$104,$P93,$I$5:$I$104) -> 5.7060172 | X93: =$W93/SUM($I$5:$I$104) -> 0.21813549
A94: =STOCK_ACTUAL!B91 -> SKU00090 | B94: =STOCK_ACTUAL!C91 -> Marca E | C94: =STOCK_ACTUAL!D91 -> Soportes | D94: =_xlfn.XLOOKUP($A94,ROTACIÓN!$A$2:$A$101,ROTACIÓN!$B$2:$B$101) -> 246 | E94: =_xlfn.XLOOKUP($A94,ROTACIÓN!$A$2:$A$101,ROTACIÓN!$C$2:$C$101) -> B | F94: =STOCK_ACTUAL!E91 -> 5. RACK SIMPLE | G94: =_xlfn.XLOOKUP($F94,LAYOUT_CD!$A$2:$A$10,LAYOUT_CD!$C$2:$C$10) -> 5.63 | H94: =_xlfn.XLOOKUP($F94,LAYOUT_CD!$A$2:$A$10,LAYOUT_CD!$B$2:$B$10) -> 65 | I94: =STOCK_ACTUAL!F91 -> 0.26249672 | J94: =STOCK_ACTUAL!G91 -> 12.471688 | K94: =$D94*$G94 -> 1384.98 | L94: =IF($G94>$P$1,"SÍ","NO") -> SÍ | M94: =IF(AND($E94="A",$L94="SÍ"),"SÍ","NO") -> NO | P94: Lubricantes | Q94: =_xlfn.MINIFS($I$5:$I$104,$C$5:$C$104,$P94) -> 0.076137625 | R94: {=QUARTILE(IF($C$5:$C$104=$P94,$I$5:$I$104),1)} -> 0.13625051 | S94: {=MEDIAN(IF($C$5:$C$104=$P94,$I$5:$I$104))} -> 0.18867309 | T94: {=QUARTILE(IF($C$5:$C$104=$P94,$I$5:$I$104),3)} -> 0.37280081 | U94: =_xlfn.MAXIFS($I$5:$I$104,$C$5:$C$104,$P94) -> 0.48645943 | V94: =AVERAGEIF($C$5:$C$104,$P94,$I$5:$I$104) -> 0.24662548 | W94: =SUMIF($C$5:$C$104,$P94,$I$5:$I$104) -> 4.9325095 | X94: =$W94/SUM($I$5:$I$104) -> 0.18856504
A95: =STOCK_ACTUAL!B92 -> SKU00091 | B95: =STOCK_ACTUAL!C92 -> Marca A | C95: =STOCK_ACTUAL!D92 -> Filtros | D95: =_xlfn.XLOOKUP($A95,ROTACIÓN!$A$2:$A$101,ROTACIÓN!$B$2:$B$101) -> 335 | E95: =_xlfn.XLOOKUP($A95,ROTACIÓN!$A$2:$A$101,ROTACIÓN!$C$2:$C$101) -> B | F95: =STOCK_ACTUAL!E92 -> 10. UBICACIÓN RECIBO | G95: =_xlfn.XLOOKUP($F95,LAYOUT_CD!$A$2:$A$10,LAYOUT_CD!$C$2:$C$10) -> 2.01 | H95: =_xlfn.XLOOKUP($F95,LAYOUT_CD!$A$2:$A$10,LAYOUT_CD!$B$2:$B$10) -> 15 | I95: =STOCK_ACTUAL!F92 -> 0.10381741 | J95: =STOCK_ACTUAL!G92 -> 5.108587 | K95: =$D95*$G95 -> 673.35 | L95: =IF($G95>$P$1,"SÍ","NO") -> NO | M95: =IF(AND($E95="A",$L95="SÍ"),"SÍ","NO") -> NO | P95: Pastillas | Q95: =_xlfn.MINIFS($I$5:$I$104,$C$5:$C$104,$P95) -> 0.052484953 | R95: {=QUARTILE(IF($C$5:$C$104=$P95,$I$5:$I$104),1)} -> 0.12713233 | S95: {=MEDIAN(IF($C$5:$C$104=$P95,$I$5:$I$104))} -> 0.28271805 | T95: {=QUARTILE(IF($C$5:$C$104=$P95,$I$5:$I$104),3)} -> 0.39701211 | U95: =_xlfn.MAXIFS($I$5:$I$104,$C$5:$C$104,$P95) -> 0.47277452 | V95: =AVERAGEIF($C$5:$C$104,$P95,$I$5:$I$104) -> 0.2633381 | W95: =SUMIF($C$5:$C$104,$P95,$I$5:$I$104) -> 5.2667619 | X95: =$W95/SUM($I$5:$I$104) -> 0.20134319
A96: =STOCK_ACTUAL!B93 -> SKU00092 | B96: =STOCK_ACTUAL!C93 -> Marca B | C96: =STOCK_ACTUAL!D93 -> Lubricantes | D96: =_xlfn.XLOOKUP($A96,ROTACIÓN!$A$2:$A$101,ROTACIÓN!$B$2:$B$101) -> 394 | E96: =_xlfn.XLOOKUP($A96,ROTACIÓN!$A$2:$A$101,ROTACIÓN!$C$2:$C$101) -> A | F96: =STOCK_ACTUAL!E93 -> 8. CLUSTER | G96: =_xlfn.XLOOKUP($F96,LAYOUT_CD!$A$2:$A$10,LAYOUT_CD!$C$2:$C$10) -> 4.01 | H96: =_xlfn.XLOOKUP($F96,LAYOUT_CD!$A$2:$A$10,LAYOUT_CD!$B$2:$B$10) -> 50 | I96: =STOCK_ACTUAL!F93 -> 0.37096015 | J96: =STOCK_ACTUAL!G93 -> 44.91218 | K96: =$D96*$G96 -> 1579.94 | L96: =IF($G96>$P$1,"SÍ","NO") -> SÍ | M96: =IF(AND($E96="A",$L96="SÍ"),"SÍ","NO") -> SÍ | P96: Correas | Q96: =_xlfn.MINIFS($I$5:$I$104,$C$5:$C$104,$P96) -> 0.061438607 | R96: {=QUARTILE(IF($C$5:$C$104=$P96,$I$5:$I$104),1)} -> 0.1942924 | S96: {=MEDIAN(IF($C$5:$C$104=$P96,$I$5:$I$104))} -> 0.29929718 | T96: {=QUARTILE(IF($C$5:$C$104=$P96,$I$5:$I$104),3)} -> 0.37266806 | U96: =_xlfn.MAXIFS($I$5:$I$104,$C$5:$C$104,$P96) -> 0.47699849 | V96: =AVERAGEIF($C$5:$C$104,$P96,$I$5:$I$104) -> 0.27443157 | W96: =SUMIF($C$5:$C$104,$P96,$I$5:$I$104) -> 5.4886314 | X96: =$W96/SUM($I$5:$I$104) -> 0.20982504
A97: =STOCK_ACTUAL!B94 -> SKU00093 | B97: =STOCK_ACTUAL!C94 -> Marca C | C97: =STOCK_ACTUAL!D94 -> Pastillas | D97: =_xlfn.XLOOKUP($A97,ROTACIÓN!$A$2:$A$101,ROTACIÓN!$B$2:$B$101) -> 111 | E97: =_xlfn.XLOOKUP($A97,ROTACIÓN!$A$2:$A$101,ROTACIÓN!$C$2:$C$101) -> C | F97: =STOCK_ACTUAL!E94 -> 1. LLANTAS | G97: =_xlfn.XLOOKUP($F97,LAYOUT_CD!$A$2:$A$10,LAYOUT_CD!$C$2:$C$10) -> 8.04 | H97: =_xlfn.XLOOKUP($F97,LAYOUT_CD!$A$2:$A$10,LAYOUT_CD!$B$2:$B$10) -> 100 | I97: =STOCK_ACTUAL!F94 -> 0.39235327 | J97: =STOCK_ACTUAL!G94 -> 45.070694 | K97: =$D97*$G97 -> 892.44 | L97: =IF($G97>$P$1,"SÍ","NO") -> SÍ | M97: =IF(AND($E97="A",$L97="SÍ"),"SÍ","NO") -> NO | P97: Soportes | Q97: =_xlfn.MINIFS($I$5:$I$104,$C$5:$C$104,$P97) -> 0.070902686 | R97: {=QUARTILE(IF($C$5:$C$104=$P97,$I$5:$I$104),1)} -> 0.13284369 | S97: {=MEDIAN(IF($C$5:$C$104=$P97,$I$5:$I$104))} -> 0.19317035 | T97: {=QUARTILE(IF($C$5:$C$104=$P97,$I$5:$I$104),3)} -> 0.33131269 | U97: =_xlfn.MAXIFS($I$5:$I$104,$C$5:$C$104,$P97) -> 0.49409912 | V97: =AVERAGEIF($C$5:$C$104,$P97,$I$5:$I$104) -> 0.23821067 | W97: =SUMIF($C$5:$C$104,$P97,$I$5:$I$104) -> 4.7642134 | X97: =$W97/SUM($I$5:$I$104) -> 0.18213125
A98: =STOCK_ACTUAL!B95 -> SKU00094 | B98: =STOCK_ACTUAL!C95 -> Marca D | C98: =STOCK_ACTUAL!D95 -> Correas | D98: =_xlfn.XLOOKUP($A98,ROTACIÓN!$A$2:$A$101,ROTACIÓN!$B$2:$B$101) -> 209 | E98: =_xlfn.XLOOKUP($A98,ROTACIÓN!$A$2:$A$101,ROTACIÓN!$C$2:$C$101) -> B | F98: =STOCK_ACTUAL!E95 -> 1. LLANTAS | G98: =_xlfn.XLOOKUP($F98,LAYOUT_CD!$A$2:$A$10,LAYOUT_CD!$C$2:$C$10) -> 8.04 | H98: =_xlfn.XLOOKUP($F98,LAYOUT_CD!$A$2:$A$10,LAYOUT_CD!$B$2:$B$10) -> 100 | I98: =STOCK_ACTUAL!F95 -> 0.30257474 | J98: =STOCK_ACTUAL!G95 -> 31.838522 | K98: =$D98*$G98 -> 1680.36 | L98: =IF($G98>$P$1,"SÍ","NO") -> SÍ | M98: =IF(AND($E98="A",$L98="SÍ"),"SÍ","NO") -> NO
A99: =STOCK_ACTUAL!B96 -> SKU00095 | B99: =STOCK_ACTUAL!C96 -> Marca E | C99: =STOCK_ACTUAL!D96 -> Soportes | D99: =_xlfn.XLOOKUP($A99,ROTACIÓN!$A$2:$A$101,ROTACIÓN!$B$2:$B$101) -> 402 | E99: =_xlfn.XLOOKUP($A99,ROTACIÓN!$A$2:$A$101,ROTACIÓN!$C$2:$C$101) -> A | F99: =STOCK_ACTUAL!E96 -> 4. RACK BALDA | G99: =_xlfn.XLOOKUP($F99,LAYOUT_CD!$A$2:$A$10,LAYOUT_CD!$C$2:$C$10) -> 4.82 | H99: =_xlfn.XLOOKUP($F99,LAYOUT_CD!$A$2:$A$10,LAYOUT_CD!$B$2:$B$10) -> 60 | I99: =STOCK_ACTUAL!F96 -> 0.39693523 | J99: =STOCK_ACTUAL!G96 -> 17.281975 | K99: =$D99*$G99 -> 1937.64 | L99: =IF($G99>$P$1,"SÍ","NO") -> SÍ | M99: =IF(AND($E99="A",$L99="SÍ"),"SÍ","NO") -> SÍ
A100: =STOCK_ACTUAL!B97 -> SKU00096 | B100: =STOCK_ACTUAL!C97 -> Marca A | C100: =STOCK_ACTUAL!D97 -> Filtros | D100: =_xlfn.XLOOKUP($A100,ROTACIÓN!$A$2:$A$101,ROTACIÓN!$B$2:$B$101) -> 211 | E100: =_xlfn.XLOOKUP($A100,ROTACIÓN!$A$2:$A$101,ROTACIÓN!$C$2:$C$101) -> B | F100: =STOCK_ACTUAL!E97 -> 5. RACK SIMPLE | G100: =_xlfn.XLOOKUP($F100,LAYOUT_CD!$A$2:$A$10,LAYOUT_CD!$C$2:$C$10) -> 5.63 | H100: =_xlfn.XLOOKUP($F100,LAYOUT_CD!$A$2:$A$10,LAYOUT_CD!$B$2:$B$10) -> 65 | I100: =STOCK_ACTUAL!F97 -> 0.27220802 | J100: =STOCK_ACTUAL!G97 -> 17.785874 | K100: =$D100*$G100 -> 1187.93 | L100: =IF($G100>$P$1,"SÍ","NO") -> SÍ | M100: =IF(AND($E100="A",$L100="SÍ"),"SÍ","NO") -> NO | P100: T13 — KPI GLOBALES DEL DIAGNÓSTICO | Q100: VALOR
A101: =STOCK_ACTUAL!B98 -> SKU00097 | B101: =STOCK_ACTUAL!C98 -> Marca B | C101: =STOCK_ACTUAL!D98 -> Lubricantes | D101: =_xlfn.XLOOKUP($A101,ROTACIÓN!$A$2:$A$101,ROTACIÓN!$B$2:$B$101) -> 263 | E101: =_xlfn.XLOOKUP($A101,ROTACIÓN!$A$2:$A$101,ROTACIÓN!$C$2:$C$101) -> B | F101: =STOCK_ACTUAL!E98 -> 1. LLANTAS | G101: =_xlfn.XLOOKUP($F101,LAYOUT_CD!$A$2:$A$10,LAYOUT_CD!$C$2:$C$10) -> 8.04 | H101: =_xlfn.XLOOKUP($F101,LAYOUT_CD!$A$2:$A$10,LAYOUT_CD!$B$2:$B$10) -> 100 | I101: =STOCK_ACTUAL!F98 -> 0.28522977 | J101: =STOCK_ACTUAL!G98 -> 36.434806 | K101: =$D101*$G101 -> 2114.52 | L101: =IF($G101>$P$1,"SÍ","NO") -> SÍ | M101: =IF(AND($E101="A",$L101="SÍ"),"SÍ","NO") -> NO | P101: Tiempo promedio de acceso ponderado por rotación (min) | Q101: =SUMPRODUCT($D$5:$D$104,$G$5:$G$104)/SUM($D$5:$D$104) -> 4.2989899
A102: =STOCK_ACTUAL!B99 -> SKU00098 | B102: =STOCK_ACTUAL!C99 -> Marca C | C102: =STOCK_ACTUAL!D99 -> Pastillas | D102: =_xlfn.XLOOKUP($A102,ROTACIÓN!$A$2:$A$101,ROTACIÓN!$B$2:$B$101) -> 346 | E102: =_xlfn.XLOOKUP($A102,ROTACIÓN!$A$2:$A$101,ROTACIÓN!$C$2:$C$101) -> B | F102: =STOCK_ACTUAL!E99 -> 1. LLANTAS | G102: =_xlfn.XLOOKUP($F102,LAYOUT_CD!$A$2:$A$10,LAYOUT_CD!$C$2:$C$10) -> 8.04 | H102: =_xlfn.XLOOKUP($F102,LAYOUT_CD!$A$2:$A$10,LAYOUT_CD!$B$2:$B$10) -> 100 | I102: =STOCK_ACTUAL!F99 -> 0.24239346 | J102: =STOCK_ACTUAL!G99 -> 44.906958 | K102: =$D102*$G102 -> 2781.84 | L102: =IF($G102>$P$1,"SÍ","NO") -> SÍ | M102: =IF(AND($E102="A",$L102="SÍ"),"SÍ","NO") -> NO | P102: Tiempo promedio de acceso simple (min) | Q102: =AVERAGE($G$5:$G$104) -> 4.361
A103: =STOCK_ACTUAL!B100 -> SKU00099 | B103: =STOCK_ACTUAL!C100 -> Marca D | C103: =STOCK_ACTUAL!D100 -> Correas | D103: =_xlfn.XLOOKUP($A103,ROTACIÓN!$A$2:$A$101,ROTACIÓN!$B$2:$B$101) -> 408 | E103: =_xlfn.XLOOKUP($A103,ROTACIÓN!$A$2:$A$101,ROTACIÓN!$C$2:$C$101) -> A | F103: =STOCK_ACTUAL!E100 -> 2. PISO | G103: =_xlfn.XLOOKUP($F103,LAYOUT_CD!$A$2:$A$10,LAYOUT_CD!$C$2:$C$10) -> 1.6 | H103: =_xlfn.XLOOKUP($F103,LAYOUT_CD!$A$2:$A$10,LAYOUT_CD!$B$2:$B$10) -> 10 | I103: =STOCK_ACTUAL!F100 -> 0.061438607 | J103: =STOCK_ACTUAL!G100 -> 44.410778 | K103: =$D103*$G103 -> 652.8 | L103: =IF($G103>$P$1,"SÍ","NO") -> NO | M103: =IF(AND($E103="A",$L103="SÍ"),"SÍ","NO") -> NO | P103: Min-pick totales del CD (6 meses) | Q103: =SUM($K$5:$K$104) -> 128066.91
A104: =STOCK_ACTUAL!B101 -> SKU00100 | B104: =STOCK_ACTUAL!C101 -> Marca E | C104: =STOCK_ACTUAL!D101 -> Soportes | D104: =_xlfn.XLOOKUP($A104,ROTACIÓN!$A$2:$A$101,ROTACIÓN!$B$2:$B$101) -> 460 | E104: =_xlfn.XLOOKUP($A104,ROTACIÓN!$A$2:$A$101,ROTACIÓN!$C$2:$C$101) -> A | F104: =STOCK_ACTUAL!E101 -> 2. PISO | G104: =_xlfn.XLOOKUP($F104,LAYOUT_CD!$A$2:$A$10,LAYOUT_CD!$C$2:$C$10) -> 1.6 | H104: =_xlfn.XLOOKUP($F104,LAYOUT_CD!$A$2:$A$10,LAYOUT_CD!$B$2:$B$10) -> 10 | I104: =STOCK_ACTUAL!F101 -> 0.098551142 | J104: =STOCK_ACTUAL!G101 -> 39.10384 | K104: =$D104*$G104 -> 736 | L104: =IF($G104>$P$1,"SÍ","NO") -> NO | M104: =IF(AND($E104="A",$L104="SÍ"),"SÍ","NO") -> NO | P104: SKU clase A en zonas lejanas (>4 min) | Q104: =COUNTIFS($E$5:$E$104,"A",$L$5:$L$104,"SÍ") -> 20
P105: % de SKU clase A mal ubicados | Q105: =$Q104/$Q$5 -> 0.51282051
P106: SKU clase C en zonas premium (<=2.01 min) | Q106: =COUNTIFS($E$5:$E$104,"C",$G$5:$G$104,"<=2.01") -> 10
P107: Ahorro potencial identificado (min-pick, 6M) | Q107: =$W$76 -> 33015.15
P108: % reducción sobre min-pick de los 18 candidatos | Q108: =$W$76/$U$76 -> 0.73253782
P109: % reducción sobre min-pick totales del CD | Q109: =$W$76/$Q103 -> 0.2577961
P110: Ocupación volumétrica global del CD | Q110: =SUM($I$5:$I$104)/SUM(LAYOUT_CD!$D$2:$D$10) -> 0.0097604976
P111: Correlación rotación vs tiempo de acceso | Q111: =CORREL($D$5:$D$104,$G$5:$G$104) -> -0.067630075
P112: Zonas del layout sin ningún SKU asignado | Q112: =COUNTIF($Q$20:$Q$28,0) -> 1

Sheet DASHBOARD_EJECUTIVO
A1: SISTEMA INTELIGENTE DE RESLOTTING — MVP DE DIAGNÓSTICO ANALÍTICO | BA1: DATOS DE APOYO PARA GRÁFICOS (no imprimir)
A2: Inchcape Perú | CD Aldeas | Repuestos automotrices | Muestra académica: 100 SKU de un universo de +55,000
A3: Todos los gráficos se alimentan de fórmulas en ANALYTICS_BASE, que referencian únicamente las hojas fuente del archivo. Sin datos externos ni supuestos inventados. | BA3: G10 — Scatter: Rotación vs Tiempo | BE3: G11 — Boxplot PESO (base + cajas + bigotes) | BL3: G4 - Rotación y tiempo por zona
BA4: ROTACIÓN | BB4: Resto de SKU | BC4: CANDIDATOS CRÍTICOS (A + zona lejana) | BE4: FAMILIA | BF4: (base mín) | BG4: Bigote inf. | BH4: Q1 → Mediana | BI4: Mediana → Q3 | BJ4: Bigote sup. | BL4: ZONA | BM4: Rotación promedio | BN4: Tiempo de acceso (min) | BP4: ZONA | BQ4: Volumen utilizado (m³) | BR4: Capacidad zona (m³) | BT4: ZONA | BU4: Tiempo de acceso (min) | BV4: Min-pick consumidos (6M) | BW4: clave desempate | BY4: SKU | BZ4: Rotación (6M) | CA4: % acumulado
A5: G1 · CONCENTRACIÓN DE LA DEMANDA: ESTRUCTURA DE CLASIFICACIÓN ABC DEL PORTAFOLIO | BA5: =ANALYTICS_BASE!$D5 -> 422 | BB5: =IF(ANALYTICS_BASE!$M5="NO",ANALYTICS_BASE!$G5,NA()) -> 1.6 | BC5: =IF(ANALYTICS_BASE!$M5="SÍ",ANALYTICS_BASE!$G5,NA()) -> #N/A | BE5: =ANALYTICS_BASE!$P85 -> Filtros | BF5: =ANALYTICS_BASE!$Q85 -> 2.0557447 | BG5: =ANALYTICS_BASE!$R85-ANALYTICS_BASE!$Q85 -> 10.694663 | BH5: =ANALYTICS_BASE!$S85-ANALYTICS_BASE!$R85 -> 5.4951615 | BI5: =ANALYTICS_BASE!$T85-ANALYTICS_BASE!$S85 -> 17.401079 | BJ5: =ANALYTICS_BASE!$U85-ANALYTICS_BASE!$T85 -> 12.494492 | BL5: =ANALYTICS_BASE!$P20 -> 2. PISO | BM5: =ANALYTICS_BASE!$R20 -> 305.40741 | BN5: =ANALYTICS_BASE!$S20 -> 1.6 | BP5: =ANALYTICS_BASE!$P20 -> 2. PISO | BQ5: =ANALYTICS_BASE!$U20 -> 4.2841488 | BR5: =ANALYTICS_BASE!$V20 -> 500 | BT5: =INDEX(ANALYTICS_BASE!$P$20:$P$28,MATCH(LARGE($BW$20:$BW$28,ROW()-4),$BW$20:$BW$28,0)) -> 1. LLANTAS | BU5: =INDEX(ANALYTICS_BASE!$S$20:$S$28,MATCH(LARGE($BW$20:$BW$28,ROW()-4),$BW$20:$BW$28,0)) -> 8.04 | BV5: =INDEX(ANALYTICS_BASE!$AA$20:$AA$28,MATCH(LARGE($BW$20:$BW$28,ROW()-4),$BW$20:$BW$28,0)) -> 32923.8 | BY5: =ANALYTICS_BASE!$P32 -> SKU00085 | BZ5: =ANALYTICS_BASE!$Q32 -> 496 | CA5: =ANALYTICS_BASE!$R32 -> 0.016649883
K6: LECTURA EJECUTIVA | BA6: =ANALYTICS_BASE!$D6 -> 236 | BB6: =IF(ANALYTICS_BASE!$M6="NO",ANALYTICS_BASE!$G6,NA()) -> 8.04 | BC6: =IF(ANALYTICS_BASE!$M6="SÍ",ANALYTICS_BASE!$G6,NA()) -> #N/A | BE6: =ANALYTICS_BASE!$P86 -> Lubricantes | BF6: =ANALYTICS_BASE!$Q86 -> 1.3210975 | BG6: =ANALYTICS_BASE!$R86-ANALYTICS_BASE!$Q86 -> 11.490899 | BH6: =ANALYTICS_BASE!$S86-ANALYTICS_BASE!$R86 -> 18.42429 | BI6: =ANALYTICS_BASE!$T86-ANALYTICS_BASE!$S86 -> 6.16026 | BJ6: =ANALYTICS_BASE!$U86-ANALYTICS_BASE!$T86 -> 7.5156335 | BL6: =ANALYTICS_BASE!$P21 -> 10. UBICACIÓN RECIBO | BM6: =ANALYTICS_BASE!$R21 -> 330.875 | BN6: =ANALYTICS_BASE!$S21 -> 2.01 | BP6: =ANALYTICS_BASE!$P21 -> 10. UBICACIÓN RECIBO | BQ6: =ANALYTICS_BASE!$U21 -> 1.1248459 | BR6: =ANALYTICS_BASE!$V21 -> 200 | BT6: =INDEX(ANALYTICS_BASE!$P$20:$P$28,MATCH(LARGE($BW$20:$BW$28,ROW()-4),$BW$20:$BW$28,0)) -> 7. MEZANNINE | BU6: =INDEX(ANALYTICS_BASE!$S$20:$S$28,MATCH(LARGE($BW$20:$BW$28,ROW()-4),$BW$20:$BW$28,0)) -> 6.42 | BV6: =INDEX(ANALYTICS_BASE!$AA$20:$AA$28,MATCH(LARGE($BW$20:$BW$28,ROW()-4),$BW$20:$BW$28,0)) -> 20248.68 | BY6: =ANALYTICS_BASE!$P33 -> SKU00078 | BZ6: =ANALYTICS_BASE!$Q33 -> 485 | CA6: =ANALYTICS_BASE!$R33 -> 0.032930514
K7: La distribución es anormalmente plana: 39 SKU clase A (39% del portafolio) explican solo 55.0% de la rotación, cuando un ABC sano concentra ~80% en ~20% de los SKU. Los 26 SKU clase C aún representan 12.3% del movimiento. | BA7: =ANALYTICS_BASE!$D7 -> 231 | BB7: =IF(ANALYTICS_BASE!$M7="NO",ANALYTICS_BASE!$G7,NA()) -> 8.04 | BC7: =IF(ANALYTICS_BASE!$M7="SÍ",ANALYTICS_BASE!$G7,NA()) -> #N/A | BE7: =ANALYTICS_BASE!$P87 -> Pastillas | BF7: =ANALYTICS_BASE!$Q87 -> 6.4333357 | BG7: =ANALYTICS_BASE!$R87-ANALYTICS_BASE!$Q87 -> 9.7626986 | BH7: =ANALYTICS_BASE!$S87-ANALYTICS_BASE!$R87 -> 10.719489 | BI7: =ANALYTICS_BASE!$T87-ANALYTICS_BASE!$S87 -> 12.511146 | BJ7: =ANALYTICS_BASE!$U87-ANALYTICS_BASE!$T87 -> 7.0933646 | BL7: =ANALYTICS_BASE!$P22 -> 8. CLUSTER | BM7: =ANALYTICS_BASE!$R22 -> 291.71429 | BN7: =ANALYTICS_BASE!$S22 -> 4.01 | BP7: =ANALYTICS_BASE!$P22 -> 8. CLUSTER | BQ7: =ANALYTICS_BASE!$U22 -> 2.8136089 | BR7: =ANALYTICS_BASE!$V22 -> 300 | BT7: =INDEX(ANALYTICS_BASE!$P$20:$P$28,MATCH(LARGE($BW$20:$BW$28,ROW()-4),$BW$20:$BW$28,0)) -> 14. LATERALES | BU7: =INDEX(ANALYTICS_BASE!$S$20:$S$28,MATCH(LARGE($BW$20:$BW$28,ROW()-4),$BW$20:$BW$28,0)) -> 5.63 | BV7: =INDEX(ANALYTICS_BASE!$AA$20:$AA$28,MATCH(LARGE($BW$20:$BW$28,ROW()-4),$BW$20:$BW$28,0)) -> 0 | BY7: =ANALYTICS_BASE!$P34 -> SKU00026 | BZ7: =ANALYTICS_BASE!$Q34 -> 484 | CA7: =ANALYTICS_BASE!$R34 -> 0.049177576
BA8: =ANALYTICS_BASE!$D8 -> 208 | BB8: =IF(ANALYTICS_BASE!$M8="NO",ANALYTICS_BASE!$G8,NA()) -> 6.42 | BC8: =IF(ANALYTICS_BASE!$M8="SÍ",ANALYTICS_BASE!$G8,NA()) -> #N/A | BE8: =ANALYTICS_BASE!$P88 -> Correas | BF8: =ANALYTICS_BASE!$Q88 -> 0.84413046 | BG8: =ANALYTICS_BASE!$R88-ANALYTICS_BASE!$Q88 -> 10.952887 | BH8: =ANALYTICS_BASE!$S88-ANALYTICS_BASE!$R88 -> 9.8167714 | BI8: =ANALYTICS_BASE!$T88-ANALYTICS_BASE!$S88 -> 12.390593 | BJ8: =ANALYTICS_BASE!$U88-ANALYTICS_BASE!$T88 -> 12.863753 | BL8: =ANALYTICS_BASE!$P23 -> 4. RACK BALDA | BM8: =ANALYTICS_BASE!$R23 -> 266.16667 | BN8: =ANALYTICS_BASE!$S23 -> 4.82 | BP8: =ANALYTICS_BASE!$P23 -> 4. RACK BALDA | BQ8: =ANALYTICS_BASE!$U23 -> 4.4088403 | BR8: =ANALYTICS_BASE!$V23 -> 250 | BT8: =INDEX(ANALYTICS_BASE!$P$20:$P$28,MATCH(LARGE($BW$20:$BW$28,ROW()-4),$BW$20:$BW$28,0)) -> 5. RACK SIMPLE | BU8: =INDEX(ANALYTICS_BASE!$S$20:$S$28,MATCH(LARGE($BW$20:$BW$28,ROW()-4),$BW$20:$BW$28,0)) -> 5.63 | BV8: =INDEX(ANALYTICS_BASE!$AA$20:$AA$28,MATCH(LARGE($BW$20:$BW$28,ROW()-4),$BW$20:$BW$28,0)) -> 26894.51 | BY8: =ANALYTICS_BASE!$P35 -> SKU00069 | BZ8: =ANALYTICS_BASE!$Q35 -> 479 | CA8: =ANALYTICS_BASE!$R35 -> 0.065256798
BA9: =ANALYTICS_BASE!$D9 -> 465 | BB9: =IF(ANALYTICS_BASE!$M9="NO",ANALYTICS_BASE!$G9,NA()) -> 1.6 | BC9: =IF(ANALYTICS_BASE!$M9="SÍ",ANALYTICS_BASE!$G9,NA()) -> #N/A | BE9: =ANALYTICS_BASE!$P89 -> Soportes | BF9: =ANALYTICS_BASE!$Q89 -> 4.3105055 | BG9: =ANALYTICS_BASE!$R89-ANALYTICS_BASE!$Q89 -> 8.7584995 | BH9: =ANALYTICS_BASE!$S89-ANALYTICS_BASE!$R89 -> 13.420711 | BI9: =ANALYTICS_BASE!$T89-ANALYTICS_BASE!$S89 -> 10.696276 | BJ9: =ANALYTICS_BASE!$U89-ANALYTICS_BASE!$T89 -> 12.103706 | BL9: =ANALYTICS_BASE!$P24 -> 5. RACK SIMPLE | BM9: =ANALYTICS_BASE!$R24 -> 318.46667 | BN9: =ANALYTICS_BASE!$S24 -> 5.63 | BP9: =ANALYTICS_BASE!$P24 -> 5. RACK SIMPLE | BQ9: =ANALYTICS_BASE!$U24 -> 5.2561618 | BR9: =ANALYTICS_BASE!$V24 -> 280 | BT9: =INDEX(ANALYTICS_BASE!$P$20:$P$28,MATCH(LARGE($BW$20:$BW$28,ROW()-4),$BW$20:$BW$28,0)) -> 4. RACK BALDA | BU9: =INDEX(ANALYTICS_BASE!$S$20:$S$28,MATCH(LARGE($BW$20:$BW$28,ROW()-4),$BW$20:$BW$28,0)) -> 4.82 | BV9: =INDEX(ANALYTICS_BASE!$AA$20:$AA$28,MATCH(LARGE($BW$20:$BW$28,ROW()-4),$BW$20:$BW$28,0)) -> 15395.08 | BY9: =ANALYTICS_BASE!$P36 -> SKU00005 | BZ9: =ANALYTICS_BASE!$Q36 -> 465 | CA9: =ANALYTICS_BASE!$R36 -> 0.080866062
K10: HALLAZGO | BA10: =ANALYTICS_BASE!$D10 -> 161 | BB10: =IF(ANALYTICS_BASE!$M10="NO",ANALYTICS_BASE!$G10,NA()) -> 1.6 | BC10: =IF(ANALYTICS_BASE!$M10="SÍ",ANALYTICS_BASE!$G10,NA()) -> #N/A | BL10: =ANALYTICS_BASE!$P25 -> 6. RACK COLGANTES | BM10: =ANALYTICS_BASE!$R25 -> 272.5 | BN10: =ANALYTICS_BASE!$S25 -> 3.61 | BP10: =ANALYTICS_BASE!$P25 -> 6. RACK COLGANTES | BQ10: =ANALYTICS_BASE!$U25 -> 1.6933487 | BR10: =ANALYTICS_BASE!$V25 -> 180 | BT10: =INDEX(ANALYTICS_BASE!$P$20:$P$28,MATCH(LARGE($BW$20:$BW$28,ROW()-4),$BW$20:$BW$28,0)) -> 8. CLUSTER | BU10: =INDEX(ANALYTICS_BASE!$S$20:$S$28,MATCH(LARGE($BW$20:$BW$28,ROW()-4),$BW$20:$BW$28,0)) -> 4.01 | BV10: =INDEX(ANALYTICS_BASE!$AA$20:$AA$28,MATCH(LARGE($BW$20:$BW$28,ROW()-4),$BW$20:$BW$28,0)) -> 8188.42 | BY10: =ANALYTICS_BASE!$P37 -> SKU00100 | BZ10: =ANALYTICS_BASE!$Q37 -> 460 | CA10: =ANALYTICS_BASE!$R37 -> 0.096307486
K11: No existe una élite clara de SKU de alta rotación. El corte ABC vigente parece haberse definido por terciles de conveniencia (39/35/26) y no por un umbral económico de concentración de demanda. | BA11: =ANALYTICS_BASE!$D11 -> 102 | BB11: =IF(ANALYTICS_BASE!$M11="NO",ANALYTICS_BASE!$G11,NA()) -> 8.04 | BC11: =IF(ANALYTICS_BASE!$M11="SÍ",ANALYTICS_BASE!$G11,NA()) -> #N/A | BL11: =ANALYTICS_BASE!$P26 -> 1. LLANTAS | BM11: =ANALYTICS_BASE!$R26 -> 273 | BN11: =ANALYTICS_BASE!$S26 -> 8.04 | BP11: =ANALYTICS_BASE!$P26 -> 1. LLANTAS | BQ11: =ANALYTICS_BASE!$U26 -> 3.7767 | BR11: =ANALYTICS_BASE!$V26 -> 400 | BT11: =INDEX(ANALYTICS_BASE!$P$20:$P$28,MATCH(LARGE($BW$20:$BW$28,ROW()-4),$BW$20:$BW$28,0)) -> 6. RACK COLGANTES | BU11: =INDEX(ANALYTICS_BASE!$S$20:$S$28,MATCH(LARGE($BW$20:$BW$28,ROW()-4),$BW$20:$BW$28,0)) -> 3.61 | BV11: =INDEX(ANALYTICS_BASE!$AA$20:$AA$28,MATCH(LARGE($BW$20:$BW$28,ROW()-4),$BW$20:$BW$28,0)) -> 5902.35 | BY11: =ANALYTICS_BASE!$P38 -> SKU00062 | BZ11: =ANALYTICS_BASE!$Q38 -> 453 | CA11: =ANALYTICS_BASE!$R38 -> 0.11151393
BA12: =ANALYTICS_BASE!$D12 -> 236 | BB12: =IF(ANALYTICS_BASE!$M12="NO",ANALYTICS_BASE!$G12,NA()) -> 4.01 | BC12: =IF(ANALYTICS_BASE!$M12="SÍ",ANALYTICS_BASE!$G12,NA()) -> #N/A | BE12: G12 — Boxplot VOLUMEN | BL12: =ANALYTICS_BASE!$P27 -> 7. MEZANNINE | BM12: =ANALYTICS_BASE!$R27 -> 315.4 | BN12: =ANALYTICS_BASE!$S27 -> 6.42 | BP12: =ANALYTICS_BASE!$P27 -> 7. MEZANNINE | BQ12: =ANALYTICS_BASE!$U27 -> 2.800479 | BR12: =ANALYTICS_BASE!$V27 -> 350 | BT12: =INDEX(ANALYTICS_BASE!$P$20:$P$28,MATCH(LARGE($BW$20:$BW$28,ROW()-4),$BW$20:$BW$28,0)) -> 10. UBICACIÓN RECIBO | BU12: =INDEX(ANALYTICS_BASE!$S$20:$S$28,MATCH(LARGE($BW$20:$BW$28,ROW()-4),$BW$20:$BW$28,0)) -> 2.01 | BV12: =INDEX(ANALYTICS_BASE!$AA$20:$AA$28,MATCH(LARGE($BW$20:$BW$28,ROW()-4),$BW$20:$BW$28,0)) -> 5320.47 | BY12: =ANALYTICS_BASE!$P39 -> SKU00054 | BZ12: =ANALYTICS_BASE!$Q39 -> 452 | CA12: =ANALYTICS_BASE!$R39 -> 0.12668681
BA13: =ANALYTICS_BASE!$D13 -> 432 | BB13: =IF(ANALYTICS_BASE!$M13="NO",ANALYTICS_BASE!$G13,NA()) -> #N/A | BC13: =IF(ANALYTICS_BASE!$M13="SÍ",ANALYTICS_BASE!$G13,NA()) -> 4.82 | BE13: FAMILIA | BF13: (base mín) | BG13: Bigote inf. | BH13: Q1 → Mediana | BI13: Mediana → Q3 | BJ13: Bigote sup. | BP13: =ANALYTICS_BASE!$P28 -> 14. LATERALES | BQ13: =ANALYTICS_BASE!$U28 -> 0 | BR13: =ANALYTICS_BASE!$V28 -> 220 | BT13: =INDEX(ANALYTICS_BASE!$P$20:$P$28,MATCH(LARGE($BW$20:$BW$28,ROW()-4),$BW$20:$BW$28,0)) -> 2. PISO | BU13: =INDEX(ANALYTICS_BASE!$S$20:$S$28,MATCH(LARGE($BW$20:$BW$28,ROW()-4),$BW$20:$BW$28,0)) -> 1.6 | BV13: =INDEX(ANALYTICS_BASE!$AA$20:$AA$28,MATCH(LARGE($BW$20:$BW$28,ROW()-4),$BW$20:$BW$28,0)) -> 13193.6 | BY13: =ANALYTICS_BASE!$P40 -> SKU00018 | BZ13: =ANALYTICS_BASE!$Q40 -> 451 | CA13: =ANALYTICS_BASE!$R40 -> 0.14182612
K14: IMPACTO EN RESLOTTING | BA14: =ANALYTICS_BASE!$D14 -> 316 | BB14: =IF(ANALYTICS_BASE!$M14="NO",ANALYTICS_BASE!$G14,NA()) -> 5.63 | BC14: =IF(ANALYTICS_BASE!$M14="SÍ",ANALYTICS_BASE!$G14,NA()) -> #N/A | BE14: =ANALYTICS_BASE!$P93 -> Filtros | BF14: =ANALYTICS_BASE!$Q93 -> 0.059263022 | BG14: =ANALYTICS_BASE!$R93-ANALYTICS_BASE!$Q93 -> 0.12111936 | BH14: =ANALYTICS_BASE!$S93-ANALYTICS_BASE!$R93 -> 0.12842183 | BI14: =ANALYTICS_BASE!$T93-ANALYTICS_BASE!$S93 -> 0.090160695 | BJ14: =ANALYTICS_BASE!$U93-ANALYTICS_BASE!$T93 -> 0.087348177 | BY14: =ANALYTICS_BASE!$P41 -> SKU00030 | BZ14: =ANALYTICS_BASE!$Q41 -> 450 | CA14: =ANALYTICS_BASE!$R41 -> 0.15693186
K15: Un reslotting guiado solo por esta etiqueta ABC movilizaría 39 SKU sin capturar un beneficio proporcional. Se requiere re-segmentar con criterio de min-pick (rotación × tiempo) para priorizar los movimientos que realmente pagan. | BA15: =ANALYTICS_BASE!$D15 -> 219 | BB15: =IF(ANALYTICS_BASE!$M15="NO",ANALYTICS_BASE!$G15,NA()) -> 6.42 | BC15: =IF(ANALYTICS_BASE!$M15="SÍ",ANALYTICS_BASE!$G15,NA()) -> #N/A | BE15: =ANALYTICS_BASE!$P94 -> Lubricantes | BF15: =ANALYTICS_BASE!$Q94 -> 0.076137625 | BG15: =ANALYTICS_BASE!$R94-ANALYTICS_BASE!$Q94 -> 0.060112881 | BH15: =ANALYTICS_BASE!$S94-ANALYTICS_BASE!$R94 -> 0.052422584 | BI15: =ANALYTICS_BASE!$T94-ANALYTICS_BASE!$S94 -> 0.18412772 | BJ15: =ANALYTICS_BASE!$U94-ANALYTICS_BASE!$T94 -> 0.11365862 | BY15: =ANALYTICS_BASE!$P42 -> SKU00035 | BZ15: =ANALYTICS_BASE!$Q42 -> 448 | CA15: =ANALYTICS_BASE!$R42 -> 0.17197046
BA16: =ANALYTICS_BASE!$D16 -> 150 | BB16: =IF(ANALYTICS_BASE!$M16="NO",ANALYTICS_BASE!$G16,NA()) -> 6.42 | BC16: =IF(ANALYTICS_BASE!$M16="SÍ",ANALYTICS_BASE!$G16,NA()) -> #N/A | BE16: =ANALYTICS_BASE!$P95 -> Pastillas | BF16: =ANALYTICS_BASE!$Q95 -> 0.052484953 | BG16: =ANALYTICS_BASE!$R95-ANALYTICS_BASE!$Q95 -> 0.074647376 | BH16: =ANALYTICS_BASE!$S95-ANALYTICS_BASE!$R95 -> 0.15558572 | BI16: =ANALYTICS_BASE!$T95-ANALYTICS_BASE!$S95 -> 0.11429406 | BJ16: =ANALYTICS_BASE!$U95-ANALYTICS_BASE!$T95 -> 0.075762409 | BY16: =ANALYTICS_BASE!$P43 -> SKU00025 | BZ16: =ANALYTICS_BASE!$Q43 -> 439 | CA16: =ANALYTICS_BASE!$R43 -> 0.18670695
BA17: =ANALYTICS_BASE!$D17 -> 398 | BB17: =IF(ANALYTICS_BASE!$M17="NO",ANALYTICS_BASE!$G17,NA()) -> #N/A | BC17: =IF(ANALYTICS_BASE!$M17="SÍ",ANALYTICS_BASE!$G17,NA()) -> 5.63 | BE17: =ANALYTICS_BASE!$P96 -> Correas | BF17: =ANALYTICS_BASE!$Q96 -> 0.061438607 | BG17: =ANALYTICS_BASE!$R96-ANALYTICS_BASE!$Q96 -> 0.13285379 | BH17: =ANALYTICS_BASE!$S96-ANALYTICS_BASE!$R96 -> 0.10500478 | BI17: =ANALYTICS_BASE!$T96-ANALYTICS_BASE!$S96 -> 0.073370875 | BJ17: =ANALYTICS_BASE!$U96-ANALYTICS_BASE!$T96 -> 0.10433043 | BY17: =ANALYTICS_BASE!$P44 -> SKU00084 | BZ17: =ANALYTICS_BASE!$Q44 -> 438 | CA17: =ANALYTICS_BASE!$R44 -> 0.20140987
BA18: =ANALYTICS_BASE!$D18 -> 352 | BB18: =IF(ANALYTICS_BASE!$M18="NO",ANALYTICS_BASE!$G18,NA()) -> 1.6 | BC18: =IF(ANALYTICS_BASE!$M18="SÍ",ANALYTICS_BASE!$G18,NA()) -> #N/A | BE18: =ANALYTICS_BASE!$P97 -> Soportes | BF18: =ANALYTICS_BASE!$Q97 -> 0.070902686 | BG18: =ANALYTICS_BASE!$R97-ANALYTICS_BASE!$Q97 -> 0.061941002 | BH18: =ANALYTICS_BASE!$S97-ANALYTICS_BASE!$R97 -> 0.060326659 | BI18: =ANALYTICS_BASE!$T97-ANALYTICS_BASE!$S97 -> 0.13814235 | BJ18: =ANALYTICS_BASE!$U97-ANALYTICS_BASE!$T97 -> 0.16278643 | BY18: =ANALYTICS_BASE!$P45 -> SKU00009 | BZ18: =ANALYTICS_BASE!$Q45 -> 432 | CA18: =ANALYTICS_BASE!$R45 -> 0.21591138
A19: G2 · INTENSIDAD OPERATIVA POR FAMILIA: RANKING DE ROTACIÓN PROMEDIO | BA19: =ANALYTICS_BASE!$D19 -> 401 | BB19: =IF(ANALYTICS_BASE!$M19="NO",ANALYTICS_BASE!$G19,NA()) -> 1.6 | BC19: =IF(ANALYTICS_BASE!$M19="SÍ",ANALYTICS_BASE!$G19,NA()) -> #N/A | BY19: =ANALYTICS_BASE!$P46 -> SKU00034 | BZ19: =ANALYTICS_BASE!$Q46 -> 431 | CA19: =ANALYTICS_BASE!$R46 -> 0.23037932
K20: LECTURA EJECUTIVA | BA20: =ANALYTICS_BASE!$D20 -> 302 | BB20: =IF(ANALYTICS_BASE!$M20="NO",ANALYTICS_BASE!$G20,NA()) -> 1.6 | BC20: =IF(ANALYTICS_BASE!$M20="SÍ",ANALYTICS_BASE!$G20,NA()) -> #N/A | BW20: =ANALYTICS_BASE!$S20+ROW()/1000000 -> 1.60002 | BY20: =ANALYTICS_BASE!$P47 -> SKU00045 | BZ20: =ANALYTICS_BASE!$Q47 -> 426 | CA20: =ANALYTICS_BASE!$R47 -> 0.24467942
K21: Soportes (352) y Correas (338) lideran la actividad; Lubricantes cierra el ranking (250). El rango total es de apenas 1.41x entre la primera y la última familia, con 20 SKU exactos en cada una. | BA21: =ANALYTICS_BASE!$D21 -> 314 | BB21: =IF(ANALYTICS_BASE!$M21="NO",ANALYTICS_BASE!$G21,NA()) -> 1.6 | BC21: =IF(ANALYTICS_BASE!$M21="SÍ",ANALYTICS_BASE!$G21,NA()) -> #N/A | BW21: =ANALYTICS_BASE!$S21+ROW()/1000000 -> 2.010021 | BY21: =ANALYTICS_BASE!$P48 -> SKU00059 | BZ21: =ANALYTICS_BASE!$Q48 -> 426 | CA21: =ANALYTICS_BASE!$R48 -> 0.25897952
BA22: =ANALYTICS_BASE!$D22 -> 451 | BB22: =IF(ANALYTICS_BASE!$M22="NO",ANALYTICS_BASE!$G22,NA()) -> 1.6 | BC22: =IF(ANALYTICS_BASE!$M22="SÍ",ANALYTICS_BASE!$G22,NA()) -> #N/A | BW22: =ANALYTICS_BASE!$S22+ROW()/1000000 -> 4.010022 | BY22: =ANALYTICS_BASE!$P49 -> SKU00044 | BZ22: =ANALYTICS_BASE!$Q49 -> 425 | CA22: =ANALYTICS_BASE!$R49 -> 0.27324606
BA23: =ANALYTICS_BASE!$D23 -> 186 | BB23: =IF(ANALYTICS_BASE!$M23="NO",ANALYTICS_BASE!$G23,NA()) -> 5.63 | BC23: =IF(ANALYTICS_BASE!$M23="SÍ",ANALYTICS_BASE!$G23,NA()) -> #N/A | BW23: =ANALYTICS_BASE!$S23+ROW()/1000000 -> 4.820023 | BY23: =ANALYTICS_BASE!$P50 -> SKU00051 | BZ23: =ANALYTICS_BASE!$Q50 -> 423 | CA23: =ANALYTICS_BASE!$R50 -> 0.28744545
K24: HALLAZGO | BA24: =ANALYTICS_BASE!$D24 -> 399 | BB24: =IF(ANALYTICS_BASE!$M24="NO",ANALYTICS_BASE!$G24,NA()) -> 1.6 | BC24: =IF(ANALYTICS_BASE!$M24="SÍ",ANALYTICS_BASE!$G24,NA()) -> #N/A | BW24: =ANALYTICS_BASE!$S24+ROW()/1000000 -> 5.630024 | BY24: =ANALYTICS_BASE!$P51 -> SKU00001 | BZ24: =ANALYTICS_BASE!$Q51 -> 422 | CA24: =ANALYTICS_BASE!$R51 -> 0.30161128
K25: Ninguna familia domina la operación. Soportes concentra 12 de los 39 SKU clase A y Lubricantes solo 4, pero la diferencia de rotación promedio es demasiado estrecha para justificar por sí sola una zonificación por familia. | BA25: =ANALYTICS_BASE!$D25 -> 167 | BB25: =IF(ANALYTICS_BASE!$M25="NO",ANALYTICS_BASE!$G25,NA()) -> 5.63 | BC25: =IF(ANALYTICS_BASE!$M25="SÍ",ANALYTICS_BASE!$G25,NA()) -> #N/A | BW25: =ANALYTICS_BASE!$S25+ROW()/1000000 -> 3.610025
BA26: =ANALYTICS_BASE!$D26 -> 298 | BB26: =IF(ANALYTICS_BASE!$M26="NO",ANALYTICS_BASE!$G26,NA()) -> 2.01 | BC26: =IF(ANALYTICS_BASE!$M26="SÍ",ANALYTICS_BASE!$G26,NA()) -> #N/A | BW26: =ANALYTICS_BASE!$S26+ROW()/1000000 -> 8.040026
BA27: =ANALYTICS_BASE!$D27 -> 186 | BB27: =IF(ANALYTICS_BASE!$M27="NO",ANALYTICS_BASE!$G27,NA()) -> 1.6 | BC27: =IF(ANALYTICS_BASE!$M27="SÍ",ANALYTICS_BASE!$G27,NA()) -> #N/A | BW27: =ANALYTICS_BASE!$S27+ROW()/1000000 -> 6.420027
K28: IMPACTO EN RESLOTTING | BA28: =ANALYTICS_BASE!$D28 -> 171 | BB28: =IF(ANALYTICS_BASE!$M28="NO",ANALYTICS_BASE!$G28,NA()) -> 4.82 | BC28: =IF(ANALYTICS_BASE!$M28="SÍ",ANALYTICS_BASE!$G28,NA()) -> #N/A | BW28: =ANALYTICS_BASE!$S28+ROW()/1000000 -> 5.630028
K29: Descarta la estrategia de "familia completa a zona premium": movería 20 SKU para capturar una ventaja marginal. La segmentación debe ser a nivel SKU. La familia solo debe usarse como restricción física (peso/volumen), no como criterio de cercanía. | BA29: =ANALYTICS_BASE!$D29 -> 439 | BB29: =IF(ANALYTICS_BASE!$M29="NO",ANALYTICS_BASE!$G29,NA()) -> #N/A | BC29: =IF(ANALYTICS_BASE!$M29="SÍ",ANALYTICS_BASE!$G29,NA()) -> 5.63
BA30: =ANALYTICS_BASE!$D30 -> 484 | BB30: =IF(ANALYTICS_BASE!$M30="NO",ANALYTICS_BASE!$G30,NA()) -> 3.61 | BC30: =IF(ANALYTICS_BASE!$M30="SÍ",ANALYTICS_BASE!$G30,NA()) -> #N/A
BA31: =ANALYTICS_BASE!$D31 -> 72 | BB31: =IF(ANALYTICS_BASE!$M31="NO",ANALYTICS_BASE!$G31,NA()) -> 2.01 | BC31: =IF(ANALYTICS_BASE!$M31="SÍ",ANALYTICS_BASE!$G31,NA()) -> #N/A
BA32: =ANALYTICS_BASE!$D32 -> 353 | BB32: =IF(ANALYTICS_BASE!$M32="NO",ANALYTICS_BASE!$G32,NA()) -> 1.6 | BC32: =IF(ANALYTICS_BASE!$M32="SÍ",ANALYTICS_BASE!$G32,NA()) -> #N/A
A33: G3 · MAPA DE CALOR: DENSIDAD DE SKU POR ZONA DE ALMACENAMIENTO | BA33: =ANALYTICS_BASE!$D33 -> 419 | BB33: =IF(ANALYTICS_BASE!$M33="NO",ANALYTICS_BASE!$G33,NA()) -> #N/A | BC33: =IF(ANALYTICS_BASE!$M33="SÍ",ANALYTICS_BASE!$G33,NA()) -> 4.82
K34: LECTURA EJECUTIVA | BA34: =ANALYTICS_BASE!$D34 -> 450 | BB34: =IF(ANALYTICS_BASE!$M34="NO",ANALYTICS_BASE!$G34,NA()) -> 1.6 | BC34: =IF(ANALYTICS_BASE!$M34="SÍ",ANALYTICS_BASE!$G34,NA()) -> #N/A
A35: ZONA | D35: N° SKU | E35: % DEL PORTAFOLIO | F35: TIEMPO ACCESO (MIN) | G35: MIN-PICK TOTALES (6M) | K35: 2. PISO concentra 27% del portafolio y es la zona más rápida (1.6 min). Pero 1. LLANTAS — la zona más lenta del CD (8.04 min) — aloja 15 SKU, igual que 5. RACK SIMPLE. La zona 14. LATERALES está completamente vacía: 0 SKU sobre 220 m³ de capacidad. | BA35: =ANALYTICS_BASE!$D35 -> 135 | BB35: =IF(ANALYTICS_BASE!$M35="NO",ANALYTICS_BASE!$G35,NA()) -> 4.01 | BC35: =IF(ANALYTICS_BASE!$M35="SÍ",ANALYTICS_BASE!$G35,NA()) -> #N/A
A36: =ANALYTICS_BASE!$P20 -> 2. PISO | D36: =ANALYTICS_BASE!$Q20 -> 27 | E36: =$D36/SUM($D$36:$D$44) -> 0.27 | F36: =ANALYTICS_BASE!$S20 -> 1.6 | G36: =ANALYTICS_BASE!$AA20 -> 13193.6 | BA36: =ANALYTICS_BASE!$D36 -> 296 | BB36: =IF(ANALYTICS_BASE!$M36="NO",ANALYTICS_BASE!$G36,NA()) -> 1.6 | BC36: =IF(ANALYTICS_BASE!$M36="SÍ",ANALYTICS_BASE!$G36,NA()) -> #N/A
A37: =ANALYTICS_BASE!$P21 -> 10. UBICACIÓN RECIBO | D37: =ANALYTICS_BASE!$Q21 -> 8 | E37: =$D37/SUM($D$36:$D$44) -> 0.08 | F37: =ANALYTICS_BASE!$S21 -> 2.01 | G37: =ANALYTICS_BASE!$AA21 -> 5320.47 | BA37: =ANALYTICS_BASE!$D37 -> 201 | BB37: =IF(ANALYTICS_BASE!$M37="NO",ANALYTICS_BASE!$G37,NA()) -> 1.6 | BC37: =IF(ANALYTICS_BASE!$M37="SÍ",ANALYTICS_BASE!$G37,NA()) -> #N/A
A38: =ANALYTICS_BASE!$P22 -> 8. CLUSTER | D38: =ANALYTICS_BASE!$Q22 -> 7 | E38: =$D38/SUM($D$36:$D$44) -> 0.07 | F38: =ANALYTICS_BASE!$S22 -> 4.01 | G38: =ANALYTICS_BASE!$AA22 -> 8188.42 | K38: HALLAZGO | BA38: =ANALYTICS_BASE!$D38 -> 431 | BB38: =IF(ANALYTICS_BASE!$M38="NO",ANALYTICS_BASE!$G38,NA()) -> #N/A | BC38: =IF(ANALYTICS_BASE!$M38="SÍ",ANALYTICS_BASE!$G38,NA()) -> 6.42
A39: =ANALYTICS_BASE!$P23 -> 4. RACK BALDA | D39: =ANALYTICS_BASE!$Q23 -> 12 | E39: =$D39/SUM($D$36:$D$44) -> 0.12 | F39: =ANALYTICS_BASE!$S23 -> 4.82 | G39: =ANALYTICS_BASE!$AA23 -> 15395.08 | K39: El costo operativo no sigue a la densidad de SKU. LLANTAS consume 32,924 min-pick (el mayor del CD, 25.7% del total) con solo 15 SKU, mientras 2. PISO mueve 27 SKU con 13,194 min. Existe una zona ociosa no aprovechada. | BA39: =ANALYTICS_BASE!$D39 -> 448 | BB39: =IF(ANALYTICS_BASE!$M39="NO",ANALYTICS_BASE!$G39,NA()) -> #N/A | BC39: =IF(ANALYTICS_BASE!$M39="SÍ",ANALYTICS_BASE!$G39,NA()) -> 5.63
A40: =ANALYTICS_BASE!$P24 -> 5. RACK SIMPLE | D40: =ANALYTICS_BASE!$Q24 -> 15 | E40: =$D40/SUM($D$36:$D$44) -> 0.15 | F40: =ANALYTICS_BASE!$S24 -> 5.63 | G40: =ANALYTICS_BASE!$AA24 -> 26894.51 | BA40: =ANALYTICS_BASE!$D40 -> 338 | BB40: =IF(ANALYTICS_BASE!$M40="NO",ANALYTICS_BASE!$G40,NA()) -> 4.01 | BC40: =IF(ANALYTICS_BASE!$M40="SÍ",ANALYTICS_BASE!$G40,NA()) -> #N/A
A41: =ANALYTICS_BASE!$P25 -> 6. RACK COLGANTES | D41: =ANALYTICS_BASE!$Q25 -> 6 | E41: =$D41/SUM($D$36:$D$44) -> 0.06 | F41: =ANALYTICS_BASE!$S25 -> 3.61 | G41: =ANALYTICS_BASE!$AA25 -> 5902.35 | BA41: =ANALYTICS_BASE!$D41 -> 294 | BB41: =IF(ANALYTICS_BASE!$M41="NO",ANALYTICS_BASE!$G41,NA()) -> 6.42 | BC41: =IF(ANALYTICS_BASE!$M41="SÍ",ANALYTICS_BASE!$G41,NA()) -> #N/A
A42: =ANALYTICS_BASE!$P26 -> 1. LLANTAS | D42: =ANALYTICS_BASE!$Q26 -> 15 | E42: =$D42/SUM($D$36:$D$44) -> 0.15 | F42: =ANALYTICS_BASE!$S26 -> 8.04 | G42: =ANALYTICS_BASE!$AA26 -> 32923.8 | K42: IMPACTO EN RESLOTTING | BA42: =ANALYTICS_BASE!$D42 -> 74 | BB42: =IF(ANALYTICS_BASE!$M42="NO",ANALYTICS_BASE!$G42,NA()) -> 3.61 | BC42: =IF(ANALYTICS_BASE!$M42="SÍ",ANALYTICS_BASE!$G42,NA()) -> #N/A
A43: =ANALYTICS_BASE!$P27 -> 7. MEZANNINE | D43: =ANALYTICS_BASE!$Q27 -> 10 | E43: =$D43/SUM($D$36:$D$44) -> 0.1 | F43: =ANALYTICS_BASE!$S27 -> 6.42 | G43: =ANALYTICS_BASE!$AA27 -> 20248.68 | K43: LLANTAS y MEZANNINE son el foco prioritario de vaciado (53,172 min-pick combinados). 14. LATERALES (5.63 min) puede absorber SKU clase C hoy alojados en zonas premium, liberando espacio rápido sin inversión en infraestructura. | BA43: =ANALYTICS_BASE!$D43 -> 314 | BB43: =IF(ANALYTICS_BASE!$M43="NO",ANALYTICS_BASE!$G43,NA()) -> 5.63 | BC43: =IF(ANALYTICS_BASE!$M43="SÍ",ANALYTICS_BASE!$G43,NA()) -> #N/A
A44: =ANALYTICS_BASE!$P28 -> 14. LATERALES | D44: =ANALYTICS_BASE!$Q28 -> 0 | E44: =$D44/SUM($D$36:$D$44) -> 0 | F44: =ANALYTICS_BASE!$S28 -> 5.63 | G44: =ANALYTICS_BASE!$AA28 -> 0 | BA44: =ANALYTICS_BASE!$D44 -> 266 | BB44: =IF(ANALYTICS_BASE!$M44="NO",ANALYTICS_BASE!$G44,NA()) -> 1.6 | BC44: =IF(ANALYTICS_BASE!$M44="SÍ",ANALYTICS_BASE!$G44,NA()) -> #N/A
BA45: =ANALYTICS_BASE!$D45 -> 265 | BB45: =IF(ANALYTICS_BASE!$M45="NO",ANALYTICS_BASE!$G45,NA()) -> 1.6 | BC45: =IF(ANALYTICS_BASE!$M45="SÍ",ANALYTICS_BASE!$G45,NA()) -> #N/A
BA46: =ANALYTICS_BASE!$D46 -> 84 | BB46: =IF(ANALYTICS_BASE!$M46="NO",ANALYTICS_BASE!$G46,NA()) -> 1.6 | BC46: =IF(ANALYTICS_BASE!$M46="SÍ",ANALYTICS_BASE!$G46,NA()) -> #N/A
A47: G4 · TEST DE COHERENCIA DEL SLOTTING: ROTACIÓN PROMEDIO POR ZONA | BA47: =ANALYTICS_BASE!$D47 -> 340 | BB47: =IF(ANALYTICS_BASE!$M47="NO",ANALYTICS_BASE!$G47,NA()) -> 6.42 | BC47: =IF(ANALYTICS_BASE!$M47="SÍ",ANALYTICS_BASE!$G47,NA()) -> #N/A
K48: LECTURA EJECUTIVA | BA48: =ANALYTICS_BASE!$D48 -> 425 | BB48: =IF(ANALYTICS_BASE!$M48="NO",ANALYTICS_BASE!$G48,NA()) -> #N/A | BC48: =IF(ANALYTICS_BASE!$M48="SÍ",ANALYTICS_BASE!$G48,NA()) -> 5.63
K49: La rotación promedio es prácticamente idéntica en todas las zonas: entre 266 (RACK BALDA, 4.82 min) y 331 (UBICACIÓN RECIBO, 2.01 min). LLANTAS, la zona más lejana del CD, aloja SKU con rotación promedio de 273 — superior a RACK BALDA, que está 40 m más cerca. | BA49: =ANALYTICS_BASE!$D49 -> 426 | BB49: =IF(ANALYTICS_BASE!$M49="NO",ANALYTICS_BASE!$G49,NA()) -> 2.01 | BC49: =IF(ANALYTICS_BASE!$M49="SÍ",ANALYTICS_BASE!$G49,NA()) -> #N/A
BA50: =ANALYTICS_BASE!$D50 -> 300 | BB50: =IF(ANALYTICS_BASE!$M50="NO",ANALYTICS_BASE!$G50,NA()) -> 6.42 | BC50: =IF(ANALYTICS_BASE!$M50="SÍ",ANALYTICS_BASE!$G50,NA()) -> #N/A
BA51: =ANALYTICS_BASE!$D51 -> 406 | BB51: =IF(ANALYTICS_BASE!$M51="NO",ANALYTICS_BASE!$G51,NA()) -> 2.01 | BC51: =IF(ANALYTICS_BASE!$M51="SÍ",ANALYTICS_BASE!$G51,NA()) -> #N/A
K52: HALLAZGO | BA52: =ANALYTICS_BASE!$D52 -> 61 | BB52: =IF(ANALYTICS_BASE!$M52="NO",ANALYTICS_BASE!$G52,NA()) -> 1.6 | BC52: =IF(ANALYTICS_BASE!$M52="SÍ",ANALYTICS_BASE!$G52,NA()) -> #N/A
K53: Respuesta directa a la hipótesis: NO. Los SKU más dinámicos no están en las zonas más cercanas. La correlación global entre rotación y tiempo de acceso es -0.068 — estadísticamente nula. La ubicación actual es indistinguible de una asignación aleatoria. | BA53: =ANALYTICS_BASE!$D53 -> 315 | BB53: =IF(ANALYTICS_BASE!$M53="NO",ANALYTICS_BASE!$G53,NA()) -> 8.04 | BC53: =IF(ANALYTICS_BASE!$M53="SÍ",ANALYTICS_BASE!$G53,NA()) -> #N/A
BA54: =ANALYTICS_BASE!$D54 -> 363 | BB54: =IF(ANALYTICS_BASE!$M54="NO",ANALYTICS_BASE!$G54,NA()) -> 1.6 | BC54: =IF(ANALYTICS_BASE!$M54="SÍ",ANALYTICS_BASE!$G54,NA()) -> #N/A
BA55: =ANALYTICS_BASE!$D55 -> 423 | BB55: =IF(ANALYTICS_BASE!$M55="NO",ANALYTICS_BASE!$G55,NA()) -> #N/A | BC55: =IF(ANALYTICS_BASE!$M55="SÍ",ANALYTICS_BASE!$G55,NA()) -> 4.82
K56: IMPACTO EN RESLOTTING | BA56: =ANALYTICS_BASE!$D56 -> 227 | BB56: =IF(ANALYTICS_BASE!$M56="NO",ANALYTICS_BASE!$G56,NA()) -> 5.63 | BC56: =IF(ANALYTICS_BASE!$M56="SÍ",ANALYTICS_BASE!$G56,NA()) -> #N/A
K57: Este es el hallazgo que justifica el proyecto completo. Al no existir lógica de cercanía instalada, cualquier reordenamiento basado en rotación captura beneficio inmediato: no hay que corregir un criterio previo, hay que introducir el primero. | BA57: =ANALYTICS_BASE!$D57 -> 382 | BB57: =IF(ANALYTICS_BASE!$M57="NO",ANALYTICS_BASE!$G57,NA()) -> 3.61 | BC57: =IF(ANALYTICS_BASE!$M57="SÍ",ANALYTICS_BASE!$G57,NA()) -> #N/A
BA58: =ANALYTICS_BASE!$D58 -> 452 | BB58: =IF(ANALYTICS_BASE!$M58="NO",ANALYTICS_BASE!$G58,NA()) -> #N/A | BC58: =IF(ANALYTICS_BASE!$M58="SÍ",ANALYTICS_BASE!$G58,NA()) -> 5.63
BA59: =ANALYTICS_BASE!$D59 -> 332 | BB59: =IF(ANALYTICS_BASE!$M59="NO",ANALYTICS_BASE!$G59,NA()) -> 5.63 | BC59: =IF(ANALYTICS_BASE!$M59="SÍ",ANALYTICS_BASE!$G59,NA()) -> #N/A
BA60: =ANALYTICS_BASE!$D60 -> 210 | BB60: =IF(ANALYTICS_BASE!$M60="NO",ANALYTICS_BASE!$G60,NA()) -> 4.82 | BC60: =IF(ANALYTICS_BASE!$M60="SÍ",ANALYTICS_BASE!$G60,NA()) -> #N/A
A61: G5 · MATRIZ DE ALINEAMIENTO ABC × ZONA: ¿RESPONDE EL SLOTTING ACTUAL A LA CLASIFICACIÓN? | BA61: =ANALYTICS_BASE!$D61 -> 207 | BB61: =IF(ANALYTICS_BASE!$M61="NO",ANALYTICS_BASE!$G61,NA()) -> 3.61 | BC61: =IF(ANALYTICS_BASE!$M61="SÍ",ANALYTICS_BASE!$G61,NA()) -> #N/A
K62: LECTURA EJECUTIVA | BA62: =ANALYTICS_BASE!$D62 -> 135 | BB62: =IF(ANALYTICS_BASE!$M62="NO",ANALYTICS_BASE!$G62,NA()) -> 2.01 | BC62: =IF(ANALYTICS_BASE!$M62="SÍ",ANALYTICS_BASE!$G62,NA()) -> #N/A
A63: ZONA | D63: TIEMPO (MIN) | E63: A | F63: B | G63: C | H63: % CLASE A EN LA ZONA | I63: DIAGNÓSTICO | K63: Las tres clases están dispersas en casi todas las zonas. 2. PISO (la zona más rápida, 1.6 min) aloja 13 SKU A pero también 8 SKU C. LLANTAS (8.04 min, la más lejana) contiene 3 SKU A y 9 SKU B. Solo 1 de 8 zonas activas resulta "Alineada". | BA63: =ANALYTICS_BASE!$D63 -> 426 | BB63: =IF(ANALYTICS_BASE!$M63="NO",ANALYTICS_BASE!$G63,NA()) -> 1.6 | BC63: =IF(ANALYTICS_BASE!$M63="SÍ",ANALYTICS_BASE!$G63,NA()) -> #N/A
A64: =ANALYTICS_BASE!$P20 -> 2. PISO | D64: =ANALYTICS_BASE!$S20 -> 1.6 | E64: =ANALYTICS_BASE!$X20 -> 13 | F64: =ANALYTICS_BASE!$Y20 -> 6 | G64: =ANALYTICS_BASE!$Z20 -> 8 | H64: =IFERROR($E64/SUM($E64:$G64),0) -> 0.48148148 | I64: =IF(SUM($E64:$G64)=0,"Zona ociosa",IF(AND($D64<=2.01,$G64>0),"Clase C ocupando zona premium",IF(AND($D64>4,$E64>0),"Clase A en zona lejana","Alineado"))) -> Clase C ocupando zona premium | BA64: =ANALYTICS_BASE!$D64 -> 250 | BB64: =IF(ANALYTICS_BASE!$M64="NO",ANALYTICS_BASE!$G64,NA()) -> 1.6 | BC64: =IF(ANALYTICS_BASE!$M64="SÍ",ANALYTICS_BASE!$G64,NA()) -> #N/A
A65: =ANALYTICS_BASE!$P21 -> 10. UBICACIÓN RECIBO | D65: =ANALYTICS_BASE!$S21 -> 2.01 | E65: =ANALYTICS_BASE!$X21 -> 4 | F65: =ANALYTICS_BASE!$Y21 -> 2 | G65: =ANALYTICS_BASE!$Z21 -> 2 | H65: =IFERROR($E65/SUM($E65:$G65),0) -> 0.5 | I65: =IF(SUM($E65:$G65)=0,"Zona ociosa",IF(AND($D65<=2.01,$G65>0),"Clase C ocupando zona premium",IF(AND($D65>4,$E65>0),"Clase A en zona lejana","Alineado"))) -> Clase C ocupando zona premium | BA65: =ANALYTICS_BASE!$D65 -> 189 | BB65: =IF(ANALYTICS_BASE!$M65="NO",ANALYTICS_BASE!$G65,NA()) -> 1.6 | BC65: =IF(ANALYTICS_BASE!$M65="SÍ",ANALYTICS_BASE!$G65,NA()) -> #N/A
A66: =ANALYTICS_BASE!$P22 -> 8. CLUSTER | D66: =ANALYTICS_BASE!$S22 -> 4.01 | E66: =ANALYTICS_BASE!$X22 -> 2 | F66: =ANALYTICS_BASE!$Y22 -> 3 | G66: =ANALYTICS_BASE!$Z22 -> 2 | H66: =IFERROR($E66/SUM($E66:$G66),0) -> 0.28571429 | I66: =IF(SUM($E66:$G66)=0,"Zona ociosa",IF(AND($D66<=2.01,$G66>0),"Clase C ocupando zona premium",IF(AND($D66>4,$E66>0),"Clase A en zona lejana","Alineado"))) -> Clase A en zona lejana | K66: HALLAZGO | BA66: =ANALYTICS_BASE!$D66 -> 453 | BB66: =IF(ANALYTICS_BASE!$M66="NO",ANALYTICS_BASE!$G66,NA()) -> 1.6 | BC66: =IF(ANALYTICS_BASE!$M66="SÍ",ANALYTICS_BASE!$G66,NA()) -> #N/A
A67: =ANALYTICS_BASE!$P23 -> 4. RACK BALDA | D67: =ANALYTICS_BASE!$S23 -> 4.82 | E67: =ANALYTICS_BASE!$X23 -> 5 | F67: =ANALYTICS_BASE!$Y23 -> 2 | G67: =ANALYTICS_BASE!$Z23 -> 5 | H67: =IFERROR($E67/SUM($E67:$G67),0) -> 0.41666667 | I67: =IF(SUM($E67:$G67)=0,"Zona ociosa",IF(AND($D67<=2.01,$G67>0),"Clase C ocupando zona premium",IF(AND($D67>4,$E67>0),"Clase A en zona lejana","Alineado"))) -> Clase A en zona lejana | K67: Respuesta a la hipótesis: la estrategia actual NO responde a ABC. Si respondiera, la diagonal estaría cargada (A en zonas rápidas, C en lejanas); en cambio la matriz está poblada de forma difusa. 20 SKU A (51% de la clase) están en zonas de más de 4 min y 10 SKU C ocupan zonas premium. | BA67: =ANALYTICS_BASE!$D67 -> 202 | BB67: =IF(ANALYTICS_BASE!$M67="NO",ANALYTICS_BASE!$G67,NA()) -> 3.61 | BC67: =IF(ANALYTICS_BASE!$M67="SÍ",ANALYTICS_BASE!$G67,NA()) -> #N/A
A68: =ANALYTICS_BASE!$P24 -> 5. RACK SIMPLE | D68: =ANALYTICS_BASE!$S24 -> 5.63 | E68: =ANALYTICS_BASE!$X24 -> 6 | F68: =ANALYTICS_BASE!$Y24 -> 6 | G68: =ANALYTICS_BASE!$Z24 -> 3 | H68: =IFERROR($E68/SUM($E68:$G68),0) -> 0.4 | I68: =IF(SUM($E68:$G68)=0,"Zona ociosa",IF(AND($D68<=2.01,$G68>0),"Clase C ocupando zona premium",IF(AND($D68>4,$E68>0),"Clase A en zona lejana","Alineado"))) -> Clase A en zona lejana | BA68: =ANALYTICS_BASE!$D68 -> 286 | BB68: =IF(ANALYTICS_BASE!$M68="NO",ANALYTICS_BASE!$G68,NA()) -> 3.61 | BC68: =IF(ANALYTICS_BASE!$M68="SÍ",ANALYTICS_BASE!$G68,NA()) -> #N/A
A69: =ANALYTICS_BASE!$P25 -> 6. RACK COLGANTES | D69: =ANALYTICS_BASE!$S25 -> 3.61 | E69: =ANALYTICS_BASE!$X25 -> 2 | F69: =ANALYTICS_BASE!$Y25 -> 2 | G69: =ANALYTICS_BASE!$Z25 -> 2 | H69: =IFERROR($E69/SUM($E69:$G69),0) -> 0.33333333 | I69: =IF(SUM($E69:$G69)=0,"Zona ociosa",IF(AND($D69<=2.01,$G69>0),"Clase C ocupando zona premium",IF(AND($D69>4,$E69>0),"Clase A en zona lejana","Alineado"))) -> Alineado | BA69: =ANALYTICS_BASE!$D69 -> 281 | BB69: =IF(ANALYTICS_BASE!$M69="NO",ANALYTICS_BASE!$G69,NA()) -> 8.04 | BC69: =IF(ANALYTICS_BASE!$M69="SÍ",ANALYTICS_BASE!$G69,NA()) -> #N/A
A70: =ANALYTICS_BASE!$P26 -> 1. LLANTAS | D70: =ANALYTICS_BASE!$S26 -> 8.04 | E70: =ANALYTICS_BASE!$X26 -> 3 | F70: =ANALYTICS_BASE!$Y26 -> 9 | G70: =ANALYTICS_BASE!$Z26 -> 3 | H70: =IFERROR($E70/SUM($E70:$G70),0) -> 0.2 | I70: =IF(SUM($E70:$G70)=0,"Zona ociosa",IF(AND($D70<=2.01,$G70>0),"Clase C ocupando zona premium",IF(AND($D70>4,$E70>0),"Clase A en zona lejana","Alineado"))) -> Clase A en zona lejana | K70: IMPACTO EN RESLOTTING | BA70: =ANALYTICS_BASE!$D70 -> 417 | BB70: =IF(ANALYTICS_BASE!$M70="NO",ANALYTICS_BASE!$G70,NA()) -> #N/A | BC70: =IF(ANALYTICS_BASE!$M70="SÍ",ANALYTICS_BASE!$G70,NA()) -> 5.63
A71: =ANALYTICS_BASE!$P27 -> 7. MEZANNINE | D71: =ANALYTICS_BASE!$S27 -> 6.42 | E71: =ANALYTICS_BASE!$X27 -> 4 | F71: =ANALYTICS_BASE!$Y27 -> 5 | G71: =ANALYTICS_BASE!$Z27 -> 1 | H71: =IFERROR($E71/SUM($E71:$G71),0) -> 0.4 | I71: =IF(SUM($E71:$G71)=0,"Zona ociosa",IF(AND($D71<=2.01,$G71>0),"Clase C ocupando zona premium",IF(AND($D71>4,$E71>0),"Clase A en zona lejana","Alineado"))) -> Clase A en zona lejana | K71: Habilita un intercambio directo de alto retorno y costo casi nulo: permutar los 10 SKU C de zonas premium por SKU A de zonas lejanas. Es un swap 1:1 que no requiere obra ni capacidad adicional, solo reetiquetado de ubicaciones. | BA71: =ANALYTICS_BASE!$D71 -> 326 | BB71: =IF(ANALYTICS_BASE!$M71="NO",ANALYTICS_BASE!$G71,NA()) -> 8.04 | BC71: =IF(ANALYTICS_BASE!$M71="SÍ",ANALYTICS_BASE!$G71,NA()) -> #N/A
A72: =ANALYTICS_BASE!$P28 -> 14. LATERALES | D72: =ANALYTICS_BASE!$S28 -> 5.63 | E72: =ANALYTICS_BASE!$X28 -> 0 | F72: =ANALYTICS_BASE!$Y28 -> 0 | G72: =ANALYTICS_BASE!$Z28 -> 0 | H72: =IFERROR($E72/SUM($E72:$G72),0) -> 0 | I72: =IF(SUM($E72:$G72)=0,"Zona ociosa",IF(AND($D72<=2.01,$G72>0),"Clase C ocupando zona premium",IF(AND($D72>4,$E72>0),"Clase A en zona lejana","Alineado"))) -> Zona ociosa | BA72: =ANALYTICS_BASE!$D72 -> 415 | BB72: =IF(ANALYTICS_BASE!$M72="NO",ANALYTICS_BASE!$G72,NA()) -> #N/A | BC72: =IF(ANALYTICS_BASE!$M72="SÍ",ANALYTICS_BASE!$G72,NA()) -> 6.42
BA73: =ANALYTICS_BASE!$D73 -> 479 | BB73: =IF(ANALYTICS_BASE!$M73="NO",ANALYTICS_BASE!$G73,NA()) -> 2.01 | BC73: =IF(ANALYTICS_BASE!$M73="SÍ",ANALYTICS_BASE!$G73,NA()) -> #N/A
BA74: =ANALYTICS_BASE!$D74 -> 117 | BB74: =IF(ANALYTICS_BASE!$M74="NO",ANALYTICS_BASE!$G74,NA()) -> 4.82 | BC74: =IF(ANALYTICS_BASE!$M74="SÍ",ANALYTICS_BASE!$G74,NA()) -> #N/A
A75: G6 · OCUPACIÓN VOLUMÉTRICA POR ZONA: CAPACIDAD UTILIZADA VS. DISPONIBLE | BA75: =ANALYTICS_BASE!$D75 -> 85 | BB75: =IF(ANALYTICS_BASE!$M75="NO",ANALYTICS_BASE!$G75,NA()) -> 4.82 | BC75: =IF(ANALYTICS_BASE!$M75="SÍ",ANALYTICS_BASE!$G75,NA()) -> #N/A
K76: LECTURA EJECUTIVA | BA76: =ANALYTICS_BASE!$D76 -> 122 | BB76: =IF(ANALYTICS_BASE!$M76="NO",ANALYTICS_BASE!$G76,NA()) -> 8.04 | BC76: =IF(ANALYTICS_BASE!$M76="SÍ",ANALYTICS_BASE!$G76,NA()) -> #N/A
K77: En volumen absoluto, 2. PISO concentra la mayor ocupación de la muestra, seguida por RACK SIMPLE y LLANTAS. Pero la ocupación volumétrica global de los 100 SKU es de solo 0.98% de la capacidad instalada del CD — la muestra es 100 de +55,000 SKU. | BA77: =ANALYTICS_BASE!$D77 -> 141 | BB77: =IF(ANALYTICS_BASE!$M77="NO",ANALYTICS_BASE!$G77,NA()) -> 1.6 | BC77: =IF(ANALYTICS_BASE!$M77="SÍ",ANALYTICS_BASE!$G77,NA()) -> #N/A
BA78: =ANALYTICS_BASE!$D78 -> 299 | BB78: =IF(ANALYTICS_BASE!$M78="NO",ANALYTICS_BASE!$G78,NA()) -> 8.04 | BC78: =IF(ANALYTICS_BASE!$M78="SÍ",ANALYTICS_BASE!$G78,NA()) -> #N/A
BA79: =ANALYTICS_BASE!$D79 -> 359 | BB79: =IF(ANALYTICS_BASE!$M79="NO",ANALYTICS_BASE!$G79,NA()) -> #N/A | BC79: =IF(ANALYTICS_BASE!$M79="SÍ",ANALYTICS_BASE!$G79,NA()) -> 6.42
K80: HALLAZGO | BA80: =ANALYTICS_BASE!$D80 -> 202 | BB80: =IF(ANALYTICS_BASE!$M80="NO",ANALYTICS_BASE!$G80,NA()) -> 4.01 | BC80: =IF(ANALYTICS_BASE!$M80="SÍ",ANALYTICS_BASE!$G80,NA()) -> #N/A
K81: El volumen NO es la restricción activa en esta muestra: sobra capacidad en todas las zonas. La restricción real es el tiempo de acceso. Advertencia: al ser 0.18% del universo, estos % de ocupación no son extrapolables al CD real. | BA81: =ANALYTICS_BASE!$D81 -> 103 | BB81: =IF(ANALYTICS_BASE!$M81="NO",ANALYTICS_BASE!$G81,NA()) -> 4.82 | BC81: =IF(ANALYTICS_BASE!$M81="SÍ",ANALYTICS_BASE!$G81,NA()) -> #N/A
BA82: =ANALYTICS_BASE!$D82 -> 485 | BB82: =IF(ANALYTICS_BASE!$M82="NO",ANALYTICS_BASE!$G82,NA()) -> #N/A | BC82: =IF(ANALYTICS_BASE!$M82="SÍ",ANALYTICS_BASE!$G82,NA()) -> 8.04
BA83: =ANALYTICS_BASE!$D83 -> 173 | BB83: =IF(ANALYTICS_BASE!$M83="NO",ANALYTICS_BASE!$G83,NA()) -> 4.82 | BC83: =IF(ANALYTICS_BASE!$M83="SÍ",ANALYTICS_BASE!$G83,NA()) -> #N/A
K84: IMPACTO EN RESLOTTING | BA84: =ANALYTICS_BASE!$D84 -> 127 | BB84: =IF(ANALYTICS_BASE!$M84="NO",ANALYTICS_BASE!$G84,NA()) -> 1.6 | BC84: =IF(ANALYTICS_BASE!$M84="SÍ",ANALYTICS_BASE!$G84,NA()) -> #N/A
K85: Con holgura volumétrica aparente, el reslotting puede optimizarse casi libremente por tiempo de acceso. Pero antes de ejecutar es indispensable obtener la ocupación real del CD completo: si las zonas premium ya están saturadas por los otros 54,900 SKU, el margen de maniobra desaparece. | BA85: =ANALYTICS_BASE!$D85 -> 395 | BB85: =IF(ANALYTICS_BASE!$M85="NO",ANALYTICS_BASE!$G85,NA()) -> #N/A | BC85: =IF(ANALYTICS_BASE!$M85="SÍ",ANALYTICS_BASE!$G85,NA()) -> 4.01
BA86: =ANALYTICS_BASE!$D86 -> 382 | BB86: =IF(ANALYTICS_BASE!$M86="NO",ANALYTICS_BASE!$G86,NA()) -> #N/A | BC86: =IF(ANALYTICS_BASE!$M86="SÍ",ANALYTICS_BASE!$G86,NA()) -> 4.82
BA87: =ANALYTICS_BASE!$D87 -> 408 | BB87: =IF(ANALYTICS_BASE!$M87="NO",ANALYTICS_BASE!$G87,NA()) -> #N/A | BC87: =IF(ANALYTICS_BASE!$M87="SÍ",ANALYTICS_BASE!$G87,NA()) -> 8.04
BA88: =ANALYTICS_BASE!$D88 -> 438 | BB88: =IF(ANALYTICS_BASE!$M88="NO",ANALYTICS_BASE!$G88,NA()) -> #N/A | BC88: =IF(ANALYTICS_BASE!$M88="SÍ",ANALYTICS_BASE!$G88,NA()) -> 6.42
A89: G7 · COSTO OPERATIVO POR ZONA: RANKING DE TIEMPO DE ACCESO Y MIN-PICK CONSUMIDOS | BA89: =ANALYTICS_BASE!$D89 -> 496 | BB89: =IF(ANALYTICS_BASE!$M89="NO",ANALYTICS_BASE!$G89,NA()) -> 2.01 | BC89: =IF(ANALYTICS_BASE!$M89="SÍ",ANALYTICS_BASE!$G89,NA()) -> #N/A
K90: LECTURA EJECUTIVA | BA90: =ANALYTICS_BASE!$D90 -> 361 | BB90: =IF(ANALYTICS_BASE!$M90="NO",ANALYTICS_BASE!$G90,NA()) -> #N/A | BC90: =IF(ANALYTICS_BASE!$M90="SÍ",ANALYTICS_BASE!$G90,NA()) -> 8.04
K91: El rango de tiempo de acceso va de 1.6 min (2. PISO) a 8.04 min (1. LLANTAS): un factor de 5.0x. LLANTAS y MEZANNINE (6.42 min) son las zonas más costosas. En min-pick consumidos, LLANTAS lidera con 32,924 min — 25.7% del costo total del CD en la muestra. | BA91: =ANALYTICS_BASE!$D91 -> 277 | BB91: =IF(ANALYTICS_BASE!$M91="NO",ANALYTICS_BASE!$G91,NA()) -> 4.82 | BC91: =IF(ANALYTICS_BASE!$M91="SÍ",ANALYTICS_BASE!$G91,NA()) -> #N/A
BA92: =ANALYTICS_BASE!$D92 -> 199 | BB92: =IF(ANALYTICS_BASE!$M92="NO",ANALYTICS_BASE!$G92,NA()) -> 5.63 | BC92: =IF(ANALYTICS_BASE!$M92="SÍ",ANALYTICS_BASE!$G92,NA()) -> #N/A
BA93: =ANALYTICS_BASE!$D93 -> 342 | BB93: =IF(ANALYTICS_BASE!$M93="NO",ANALYTICS_BASE!$G93,NA()) -> 4.01 | BC93: =IF(ANALYTICS_BASE!$M93="SÍ",ANALYTICS_BASE!$G93,NA()) -> #N/A
K94: HALLAZGO | BA94: =ANALYTICS_BASE!$D94 -> 246 | BB94: =IF(ANALYTICS_BASE!$M94="NO",ANALYTICS_BASE!$G94,NA()) -> 5.63 | BC94: =IF(ANALYTICS_BASE!$M94="SÍ",ANALYTICS_BASE!$G94,NA()) -> #N/A
K95: Las zonas más costosas operacionalmente son LLANTAS, MEZANNINE y RACK SIMPLE, que juntas consumen 80,067 min-pick (62.5% del total) con solo 40 SKU. El diferencial de 6.44 min entre la mejor y la peor zona es la palanca económica del proyecto. | BA95: =ANALYTICS_BASE!$D95 -> 335 | BB95: =IF(ANALYTICS_BASE!$M95="NO",ANALYTICS_BASE!$G95,NA()) -> 2.01 | BC95: =IF(ANALYTICS_BASE!$M95="SÍ",ANALYTICS_BASE!$G95,NA()) -> #N/A
BA96: =ANALYTICS_BASE!$D96 -> 394 | BB96: =IF(ANALYTICS_BASE!$M96="NO",ANALYTICS_BASE!$G96,NA()) -> #N/A | BC96: =IF(ANALYTICS_BASE!$M96="SÍ",ANALYTICS_BASE!$G96,NA()) -> 4.01
BA97: =ANALYTICS_BASE!$D97 -> 111 | BB97: =IF(ANALYTICS_BASE!$M97="NO",ANALYTICS_BASE!$G97,NA()) -> 8.04 | BC97: =IF(ANALYTICS_BASE!$M97="SÍ",ANALYTICS_BASE!$G97,NA()) -> #N/A
K98: IMPACTO EN RESLOTTING | BA98: =ANALYTICS_BASE!$D98 -> 209 | BB98: =IF(ANALYTICS_BASE!$M98="NO",ANALYTICS_BASE!$G98,NA()) -> 8.04 | BC98: =IF(ANALYTICS_BASE!$M98="SÍ",ANALYTICS_BASE!$G98,NA()) -> #N/A
K99: Cada SKU de alta rotación movido de LLANTAS a PISO ahorra 6.44 min por pick. Estas tres zonas definen la cola de prioridad de vaciado. Nota metodológica: el tiempo del layout es un promedio por zona, no considera la posición del pasillo ni la altura del nivel. | BA99: =ANALYTICS_BASE!$D99 -> 402 | BB99: =IF(ANALYTICS_BASE!$M99="NO",ANALYTICS_BASE!$G99,NA()) -> #N/A | BC99: =IF(ANALYTICS_BASE!$M99="SÍ",ANALYTICS_BASE!$G99,NA()) -> 4.82
BA100: =ANALYTICS_BASE!$D100 -> 211 | BB100: =IF(ANALYTICS_BASE!$M100="NO",ANALYTICS_BASE!$G100,NA()) -> 5.63 | BC100: =IF(ANALYTICS_BASE!$M100="SÍ",ANALYTICS_BASE!$G100,NA()) -> #N/A
...
